error_rate,continuation_probability,replicate,root_seed,trials,max_rounds,mean_match_length,settled_generation,n_survivors,cooperation_rate,mean_payoff,non_defector_share,share_Always_Cooperate,share_Always_Defect,share_Tit-for-Tat,share_Grim_Trigger,share_Random,share_Pavlov,share_Tit-for-Two-Tats,survivors
0,0.5,0,20260902,800,14,1.9974,103,1,0.000000,1.000000,0.000000,0.000000,1.000000,0.000000,0.000000,0.000000,0.000000,0.000000,"Always Defect"
0,0.5,1,20260903,800,14,2.0032,99,1,0.000000,1.000000,0.000000,0.000000,1.000000,0.000000,0.000000,0.000000,0.000000,0.000000,"Always Defect"
0,0.5,2,20260904,800,14,2.0042,104,1,0.000000,1.000000,0.000000,0.000000,1.000000,0.000000,0.000000,0.000000,0.000000,0.000000,"Always Defect"
0,0.5,3,20260905,800,14,1.9888,104,1,0.000000,1.000000,0.000000,0.000000,1.000000,0.000000,0.000000,0.000000,0.000000,0.000000,"Always Defect"
0,0.5,4,20260906,800,14,1.9958,98,1,0.000000,1.000000,0.000000,0.000000,1.000000,0.000000,0.000000,0.000000,0.000000,0.000000,"Always Defect"
0.02,0.5,0,20260902,800,14,1.9974,106,1,0.019692,1.059077,0.000000,0.000000,1.000000,0.000000,0.000000,0.000000,0.000000,0.000000,"Always Defect"
0.02,0.5,1,20260903,800,14,2.0032,107,1,0.019608,1.058824,0.000000,0.000000,1.000000,0.000000,0.000000,0.000000,0.000000,0.000000,"Always Defect"
0.02,0.5,2,20260904,800,14,2.0042,114,1,0.017442,1.052326,0.000000,0.000000,1.000000,0.000000,0.000000,0.000000,0.000000,0.000000,"Always Defect"
0.02,0.5,3,20260905,800,14,1.9888,107,1,0.019066,1.057199,0.000000,0.000000,1.000000,0.000000,0.000000,0.000000,0.000000,0.000000,"Always Defect"
0.02,0.5,4,20260906,800,14,1.9958,106,1,0.020484,1.060211,0.000000,0.000000,1.000000,0.000000,0.000000,0.000000,0.000000,0.000000,"Always Defect"
0.04,0.5,0,20260902,800,14,1.9974,110,1,0.043385,1.128308,0.000000,0.000000,1.000000,0.000000,0.000000,0.000000,0.000000,0.000000,"Always Defect"
0.04,0.5,1,20260903,800,14,2.0032,110,1,0.043643,1.129665,0.000000,0.000000,1.000000,0.000000,0.000000,0.000000,0.000000,0.000000,"Always Defect"
0.04,0.5,2,20260904,800,14,2.0042,117,1,0.038250,1.114137,0.000000,0.000000,1.000000,0.000000,0.000000,0.000000,0.000000,0.000000,"Always Defect"
0.04,0.5,3,20260905,800,14,1.9888,115,1,0.037475,1.111111,0.000000,0.000000,1.000000,0.000000,0.000000,0.000000,0.000000,0.000000,"Always Defect"
0.04,0.5,4,20260906,800,14,1.9958,114,1,0.038175,1.112663,0.000000,0.000000,1.000000,0.000000,0.000000,0.000000,0.000000,0.000000,"Always Defect"
0.06,0.5,0,20260902,800,14,1.9974,115,1,0.062769,1.184615,0.000000,0.000000,1.000000,0.000000,0.000000,0.000000,0.000000,0.000000,"Always Defect"
0.06,0.5,1,20260903,800,14,2.0032,109,1,0.067362,1.198925,0.000000,0.000000,1.000000,0.000000,0.000000,0.000000,0.000000,0.000000,"Always Defect"
0.06,0.5,2,20260904,800,14,2.0042,125,1,0.057834,1.167993,0.000000,0.000000,1.000000,0.000000,0.000000,0.000000,0.000000,0.000000,"Always Defect"
0.06,0.5,3,20260905,800,14,1.9888,120,1,0.057857,1.169625,0.000000,0.000000,1.000000,0.000000,0.000000,0.000000,0.000000,0.000000,"Always Defect"
0.06,0.5,4,20260906,800,14,1.9958,120,1,0.055245,1.163253,0.000000,0.000000,1.000000,0.000000,0.000000,0.000000,0.000000,0.000000,"Always Defect"
0.08,0.5,0,20260902,800,14,1.9974,119,1,0.083077,1.244308,0.000000,0.000000,1.000000,0.000000,0.000000,0.000000,0.000000,0.000000,"Always Defect"
0.08,0.5,1,20260903,800,14,2.0032,115,1,0.086338,1.252688,0.000000,0.000000,1.000000,0.000000,0.000000,0.000000,0.000000,0.000000,"Always Defect"
0.08,0.5,2,20260904,800,14,2.0042,129,1,0.074357,1.215116,0.000000,0.000000,1.000000,0.000000,0.000000,0.000000,0.000000,0.000000,"Always Defect"
0.08,0.5,3,20260905,800,14,1.9888,130,1,0.080210,1.234714,0.000000,0.000000,1.000000,0.000000,0.000000,0.000000,0.000000,0.000000,"Always Defect"
0.08,0.5,4,20260906,800,14,1.9958,121,1,0.077592,1.227809,0.000000,0.000000,1.000000,0.000000,0.000000,0.000000,0.000000,0.000000,"Always Defect"
0.1,0.5,0,20260902,800,14,1.9974,124,1,0.102462,1.300000,0.000000,0.000000,1.000000,0.000000,0.000000,0.000000,0.000000,0.000000,"Always Defect"
0.1,0.5,1,20260903,800,14,2.0032,120,1,0.106894,1.309298,0.000000,0.000000,1.000000,0.000000,0.000000,0.000000,0.000000,0.000000,"Always Defect"
0.1,0.5,2,20260904,800,14,2.0042,138,1,0.097613,1.281212,0.000000,0.000000,1.000000,0.000000,0.000000,0.000000,0.000000,0.000000,"Always Defect"
0.1,0.5,3,20260905,800,14,1.9888,138,1,0.100263,1.289612,0.000000,0.000000,1.000000,0.000000,0.000000,0.000000,0.000000,0.000000,"Always Defect"
0.1,0.5,4,20260906,800,14,1.9958,125,1,0.103352,1.300745,0.000000,0.000000,1.000000,0.000000,0.000000,0.000000,0.000000,0.000000,"Always Defect"
0.12,0.5,0,20260902,800,14,1.9974,130,1,0.119077,1.346154,0.000000,0.000000,1.000000,0.000000,0.000000,0.000000,0.000000,0.000000,"Always Defect"
0.12,0.5,1,20260903,800,14,2.0032,134,1,0.129981,1.376028,0.000000,0.000000,1.000000,0.000000,0.000000,0.000000,0.000000,0.000000,"Always Defect"
0.12,0.5,2,20260904,800,14,2.0042,147,1,0.120563,1.341493,0.000000,0.000000,1.000000,0.000000,0.000000,0.000000,0.000000,0.000000,"Always Defect"
0.12,0.5,3,20260905,800,14,1.9888,151,1,0.116700,1.334977,0.000000,0.000000,1.000000,0.000000,0.000000,0.000000,0.000000,0.000000,"Always Defect"
0.12,0.5,4,20260906,800,14,1.9958,130,1,0.122284,1.353197,0.000000,0.000000,1.000000,0.000000,0.000000,0.000000,0.000000,0.000000,"Always Defect"
0.14,0.5,0,20260902,800,14,1.9974,141,1,0.131692,1.382154,0.000000,0.000000,1.000000,0.000000,0.000000,0.000000,0.000000,0.000000,"Always Defect"
0.14,0.5,1,20260903,800,14,2.0032,148,1,0.144845,1.418090,0.000000,0.000000,1.000000,0.000000,0.000000,0.000000,0.000000,0.000000,"Always Defect"
0.14,0.5,2,20260904,800,14,2.0042,149,1,0.140759,1.394125,0.000000,0.000000,1.000000,0.000000,0.000000,0.000000,0.000000,0.000000,"Always Defect"
0.14,0.5,3,20260905,800,14,1.9888,165,1,0.136752,1.390533,0.000000,0.000000,1.000000,0.000000,0.000000,0.000000,0.000000,0.000000,"Always Defect"
0.14,0.5,4,20260906,800,14,1.9958,138,1,0.142768,1.410925,0.000000,0.000000,1.000000,0.000000,0.000000,0.000000,0.000000,0.000000,"Always Defect"
0.16,0.5,0,20260902,800,14,1.9974,150,1,0.153846,1.441846,0.000000,0.000000,1.000000,0.000000,0.000000,0.000000,0.000000,0.000000,"Always Defect"
0.16,0.5,1,20260903,800,14,2.0032,159,1,0.163188,1.466161,0.000000,0.000000,1.000000,0.000000,0.000000,0.000000,0.000000,0.000000,"Always Defect"
0.16,0.5,2,20260904,800,14,2.0042,159,1,0.159731,1.445532,0.000000,0.000000,1.000000,0.000000,0.000000,0.000000,0.000000,0.000000,"Always Defect"
0.16,0.5,3,20260905,800,14,1.9888,187,1,0.154504,1.437212,0.000000,0.000000,1.000000,0.000000,0.000000,0.000000,0.000000,0.000000,"Always Defect"
0.16,0.5,4,20260906,800,14,1.9958,150,1,0.161390,1.463066,0.000000,0.000000,1.000000,0.000000,0.000000,0.000000,0.000000,0.000000,"Always Defect"
0.18,0.5,0,20260902,800,14,1.9974,154,1,0.175692,1.500615,0.000000,0.000000,1.000000,0.000000,0.000000,0.000000,0.000000,0.000000,"Always Defect"
0.18,0.5,1,20260903,800,14,2.0032,179,1,0.181847,1.515813,0.000000,0.000000,1.000000,0.000000,0.000000,0.000000,0.000000,0.000000,"Always Defect"
0.18,0.5,2,20260904,800,14,2.0042,166,1,0.178703,1.493880,0.000000,0.000000,1.000000,0.000000,0.000000,0.000000,0.000000,0.000000,"Always Defect"
0.18,0.5,3,20260905,800,14,1.9888,198,1,0.175214,1.494083,0.000000,0.000000,1.000000,0.000000,0.000000,0.000000,0.000000,0.000000,"Always Defect"
0.18,0.5,4,20260906,800,14,1.9958,164,1,0.177529,1.505276,0.000000,0.000000,1.000000,0.000000,0.000000,0.000000,0.000000,0.000000,"Always Defect"
0.2,0.5,0,20260902,800,14,1.9974,167,1,0.193846,1.545231,0.000000,0.000000,1.000000,0.000000,0.000000,0.000000,0.000000,0.000000,"Always Defect"
0.2,0.5,1,20260903,800,14,2.0032,193,1,0.200506,1.565465,0.000000,0.000000,1.000000,0.000000,0.000000,0.000000,0.000000,0.000000,"Always Defect"
0.2,0.5,2,20260904,800,14,2.0042,174,1,0.195532,1.538862,0.000000,0.000000,1.000000,0.000000,0.000000,0.000000,0.000000,0.000000,"Always Defect"
0.2,0.5,3,20260905,800,14,1.9888,209,1,0.194938,1.546022,0.000000,0.000000,1.000000,0.000000,0.000000,0.000000,0.000000,0.000000,"Always Defect"
0.2,0.5,4,20260906,800,14,1.9958,168,1,0.197083,1.558349,0.000000,0.000000,1.000000,0.000000,0.000000,0.000000,0.000000,0.000000,"Always Defect"
0,0.6,0,20260902,800,19,2.5033,129,1,0.000000,1.000000,0.000000,0.000000,1.000000,0.000000,0.000000,0.000000,0.000000,0.000000,"Always Defect"
0,0.6,1,20260903,800,19,2.4905,127,1,0.000000,1.000000,0.000000,0.000000,1.000000,0.000000,0.000000,0.000000,0.000000,0.000000,"Always Defect"
0,0.6,2,20260904,800,19,2.4914,127,1,0.000000,1.000000,0.000000,0.000000,1.000000,0.000000,0.000000,0.000000,0.000000,0.000000,"Always Defect"
0,0.6,3,20260905,800,19,2.5029,127,1,0.000000,1.000000,0.000000,0.000000,1.000000,0.000000,0.000000,0.000000,0.000000,0.000000,"Always Defect"
0,0.6,4,20260906,800,19,2.4911,125,1,0.000000,1.000000,0.000000,0.000000,1.000000,0.000000,0.000000,0.000000,0.000000,0.000000,"Always Defect"
0.02,0.6,0,20260902,800,19,2.5033,131,1,0.021355,1.063574,0.000000,0.000000,1.000000,0.000000,0.000000,0.000000,0.000000,0.000000,"Always Defect"
0.02,0.6,1,20260903,800,19,2.4905,137,1,0.020042,1.060127,0.000000,0.000000,1.000000,0.000000,0.000000,0.000000,0.000000,0.000000,"Always Defect"
0.02,0.6,2,20260904,800,19,2.4914,127,1,0.018555,1.055664,0.000000,0.000000,1.000000,0.000000,0.000000,0.000000,0.000000,0.000000,"Always Defect"
0.02,0.6,3,20260905,800,19,2.5029,131,1,0.020053,1.060158,0.000000,0.000000,1.000000,0.000000,0.000000,0.000000,0.000000,0.000000,"Always Defect"
0.02,0.6,4,20260906,800,19,2.4911,133,1,0.021029,1.062098,0.000000,0.000000,1.000000,0.000000,0.000000,0.000000,0.000000,0.000000,"Always Defect"
0.04,0.6,0,20260902,800,19,2.5033,136,1,0.043201,1.127639,0.000000,0.000000,1.000000,0.000000,0.000000,0.000000,0.000000,0.000000,"Always Defect"
0.04,0.6,1,20260903,800,19,2.4905,139,1,0.044040,1.131065,0.000000,0.000000,1.000000,0.000000,0.000000,0.000000,0.000000,0.000000,"Always Defect"
0.04,0.6,2,20260904,800,19,2.4914,131,1,0.040039,1.119141,0.000000,0.000000,1.000000,0.000000,0.000000,0.000000,0.000000,0.000000,"Always Defect"
0.04,0.6,3,20260905,800,19,2.5029,129,1,0.039578,1.117678,0.000000,0.000000,1.000000,0.000000,0.000000,0.000000,0.000000,0.000000,"Always Defect"
0.04,0.6,4,20260906,800,19,2.4911,146,1,0.038100,1.112815,0.000000,0.000000,1.000000,0.000000,0.000000,0.000000,0.000000,0.000000,"Always Defect"
0.06,0.6,0,20260902,800,19,2.5033,144,1,0.061119,1.179921,0.000000,0.000000,1.000000,0.000000,0.000000,0.000000,0.000000,0.000000,"Always Defect"
0.06,0.6,1,20260903,800,19,2.4905,134,1,0.066719,1.196994,0.000000,0.000000,1.000000,0.000000,0.000000,0.000000,0.000000,0.000000,"Always Defect"
0.06,0.6,2,20260904,800,19,2.4914,140,1,0.059082,1.171875,0.000000,0.000000,1.000000,0.000000,0.000000,0.000000,0.000000,0.000000,"Always Defect"
0.06,0.6,3,20260905,800,19,2.5029,134,1,0.060158,1.177309,0.000000,0.000000,1.000000,0.000000,0.000000,0.000000,0.000000,0.000000,"Always Defect"
0.06,0.6,4,20260906,800,19,2.4911,154,1,0.053934,1.159327,0.000000,0.000000,1.000000,0.000000,0.000000,0.000000,0.000000,0.000000,"Always Defect"
0.08,0.6,0,20260902,800,19,2.5033,144,1,0.081738,1.240304,0.000000,0.000000,1.000000,0.000000,0.000000,0.000000,0.000000,0.000000,"Always Defect"
0.08,0.6,1,20260903,800,19,2.4905,140,1,0.085443,1.250000,0.000000,0.000000,1.000000,0.000000,0.000000,0.000000,0.000000,0.000000,"Always Defect"
0.08,0.6,2,20260904,800,19,2.4914,145,1,0.075439,1.218018,0.000000,0.000000,1.000000,0.000000,0.000000,0.000000,0.000000,0.000000,"Always Defect"
0.08,0.6,3,20260905,800,19,2.5029,146,1,0.083113,1.243536,0.000000,0.000000,1.000000,0.000000,0.000000,0.000000,0.000000,0.000000,"Always Defect"
0.08,0.6,4,20260906,800,19,2.4911,153,1,0.076942,1.225383,0.000000,0.000000,1.000000,0.000000,0.000000,0.000000,0.000000,0.000000,"Always Defect"
0.1,0.6,0,20260902,800,19,2.5033,144,1,0.101620,1.296514,0.000000,0.000000,1.000000,0.000000,0.000000,0.000000,0.000000,0.000000,"Always Defect"
0.1,0.6,1,20260903,800,19,2.4905,140,1,0.106804,1.308808,0.000000,0.000000,1.000000,0.000000,0.000000,0.000000,0.000000,0.000000,"Always Defect"
0.1,0.6,2,20260904,800,19,2.4914,148,1,0.098633,1.284180,0.000000,0.000000,1.000000,0.000000,0.000000,0.000000,0.000000,0.000000,"Always Defect"
0.1,0.6,3,20260905,800,19,2.5029,157,1,0.102375,1.296042,0.000000,0.000000,1.000000,0.000000,0.000000,0.000000,0.000000,0.000000,"Always Defect"
0.1,0.6,4,20260906,800,19,2.4911,160,1,0.102672,1.298120,0.000000,0.000000,1.000000,0.000000,0.000000,0.000000,0.000000,0.000000,"Always Defect"
0.12,0.6,0,20260902,800,19,2.5033,149,1,0.118802,1.344134,0.000000,0.000000,1.000000,0.000000,0.000000,0.000000,0.000000,0.000000,"Always Defect"
0.12,0.6,1,20260903,800,19,2.4905,149,1,0.129219,1.373945,0.000000,0.000000,1.000000,0.000000,0.000000,0.000000,0.000000,0.000000,"Always Defect"
0.12,0.6,2,20260904,800,19,2.4914,160,1,0.120605,1.343262,0.000000,0.000000,1.000000,0.000000,0.000000,0.000000,0.000000,0.000000,"Always Defect"
0.12,0.6,3,20260905,800,19,2.5029,163,1,0.118997,1.342744,0.000000,0.000000,1.000000,0.000000,0.000000,0.000000,0.000000,0.000000,"Always Defect"
0.12,0.6,4,20260906,800,19,2.4911,164,1,0.120980,1.349579,0.000000,0.000000,1.000000,0.000000,0.000000,0.000000,0.000000,0.000000,"Always Defect"
0.14,0.6,0,20260902,800,19,2.5033,161,1,0.133530,1.384880,0.000000,0.000000,1.000000,0.000000,0.000000,0.000000,0.000000,0.000000,"Always Defect"
0.14,0.6,1,20260903,800,19,2.4905,163,1,0.146361,1.421677,0.000000,0.000000,1.000000,0.000000,0.000000,0.000000,0.000000,0.000000,"Always Defect"
0.14,0.6,2,20260904,800,19,2.4914,170,1,0.138672,1.391113,0.000000,0.000000,1.000000,0.000000,0.000000,0.000000,0.000000,0.000000,"Always Defect"
0.14,0.6,3,20260905,800,19,2.5029,168,1,0.138522,1.397625,0.000000,0.000000,1.000000,0.000000,0.000000,0.000000,0.000000,0.000000,"Always Defect"
0.14,0.6,4,20260906,800,19,2.4911,169,1,0.139535,1.401781,0.000000,0.000000,1.000000,0.000000,0.000000,0.000000,0.000000,0.000000,"Always Defect"
0.16,0.6,0,20260902,800,19,2.5033,177,1,0.156112,1.446244,0.000000,0.000000,1.000000,0.000000,0.000000,0.000000,0.000000,0.000000,"Always Defect"
0.16,0.6,1,20260903,800,19,2.4905,181,1,0.164821,1.470728,0.000000,0.000000,1.000000,0.000000,0.000000,0.000000,0.000000,0.000000,"Always Defect"
0.16,0.6,2,20260904,800,19,2.4914,177,1,0.157471,1.442139,0.000000,0.000000,1.000000,0.000000,0.000000,0.000000,0.000000,0.000000,"Always Defect"
0.16,0.6,3,20260905,800,19,2.5029,185,1,0.158311,1.448549,0.000000,0.000000,1.000000,0.000000,0.000000,0.000000,0.000000,0.000000,"Always Defect"
0.16,0.6,4,20260906,800,19,2.4911,179,1,0.158832,1.455220,0.000000,0.000000,1.000000,0.000000,0.000000,0.000000,0.000000,0.000000,"Always Defect"
0.18,0.6,0,20260902,800,19,2.5033,182,1,0.177958,1.504418,0.000000,0.000000,1.000000,0.000000,0.000000,0.000000,0.000000,0.000000,"Always Defect"
0.18,0.6,1,20260903,800,19,2.4905,196,1,0.183544,1.520570,0.000000,0.000000,1.000000,0.000000,0.000000,0.000000,0.000000,0.000000,"Always Defect"
0.18,0.6,2,20260904,800,19,2.4914,182,1,0.177734,1.495117,0.000000,0.000000,1.000000,0.000000,0.000000,0.000000,0.000000,0.000000,"Always Defect"
0.18,0.6,3,20260905,800,19,2.5029,200,1,0.177836,1.501319,0.000000,0.000000,1.000000,0.000000,0.000000,0.000000,0.000000,0.000000,"Always Defect"
0.18,0.6,4,20260906,800,19,2.4911,198,1,0.174419,1.496536,0.000000,0.000000,1.000000,0.000000,0.000000,0.000000,0.000000,0.000000,"Always Defect"
0.2,0.6,0,20260902,800,19,2.5033,192,1,0.195631,1.549092,0.000000,0.000000,1.000000,0.000000,0.000000,0.000000,0.000000,0.000000,"Always Defect"
0.2,0.6,1,20260903,800,19,2.4905,206,1,0.200158,1.565137,0.000000,0.000000,1.000000,0.000000,0.000000,0.000000,0.000000,0.000000,"Always Defect"
0.2,0.6,2,20260904,800,19,2.4914,199,1,0.193848,1.536133,0.000000,0.000000,1.000000,0.000000,0.000000,0.000000,0.000000,0.000000,"Always Defect"
0.2,0.6,3,20260905,800,19,2.5029,222,1,0.197889,1.553562,0.000000,0.000000,1.000000,0.000000,0.000000,0.000000,0.000000,0.000000,"Always Defect"
0.2,0.6,4,20260906,800,19,2.4911,199,1,0.193963,1.548243,0.000000,0.000000,1.000000,0.000000,0.000000,0.000000,0.000000,0.000000,"Always Defect"
0,0.7,0,20260902,800,26,3.3402,221,5,1.000000,3.000000,1.000000,0.000955,0.000000,0.399287,0.495396,0.000000,0.045521,0.058842,"Always Cooperate;Tit-for-Tat;Grim Trigger;Pavlov;Tit-for-Two-Tats"
0,0.7,1,20260903,800,26,3.3123,200,5,1.000000,3.000000,1.000000,0.001054,0.000000,0.401863,0.498729,0.000000,0.045592,0.052763,"Always Cooperate;Tit-for-Tat;Grim Trigger;Pavlov;Tit-for-Two-Tats"
0,0.7,2,20260904,800,26,3.3015,221,5,1.000000,3.000000,1.000000,0.001881,0.000000,0.408380,0.461649,0.000000,0.060577,0.067513,"Always Cooperate;Tit-for-Tat;Grim Trigger;Pavlov;Tit-for-Two-Tats"
0,0.7,3,20260905,800,26,3.3178,207,5,1.000000,3.000000,1.000000,0.001785,0.000000,0.347307,0.511843,0.000000,0.060776,0.078289,"Always Cooperate;Tit-for-Tat;Grim Trigger;Pavlov;Tit-for-Two-Tats"
0,0.7,4,20260906,800,26,3.3279,209,5,1.000000,3.000000,1.000000,0.002114,0.000000,0.349348,0.513780,0.000000,0.061224,0.073535,"Always Cooperate;Tit-for-Tat;Grim Trigger;Pavlov;Tit-for-Two-Tats"
0.02,0.7,0,20260902,800,26,3.3402,194,1,0.021381,1.063750,0.000000,0.000000,1.000000,0.000000,0.000000,0.000000,0.000000,0.000000,"Always Defect"
0.02,0.7,1,20260903,800,26,3.3123,203,1,0.020424,1.061273,0.000000,0.000000,1.000000,0.000000,0.000000,0.000000,0.000000,0.000000,"Always Defect"
0.02,0.7,2,20260904,800,26,3.3015,188,1,0.018815,1.056073,0.000000,0.000000,1.000000,0.000000,0.000000,0.000000,0.000000,0.000000,"Always Defect"
0.02,0.7,3,20260905,800,26,3.3178,211,1,0.018393,1.055178,0.000000,0.000000,1.000000,0.000000,0.000000,0.000000,0.000000,0.000000,"Always Defect"
0.02,0.7,4,20260906,800,26,3.3279,202,1,0.021257,1.063031,0.000000,0.000000,1.000000,0.000000,0.000000,0.000000,0.000000,0.000000,"Always Defect"
0.04,0.7,0,20260902,800,26,3.3402,193,1,0.043546,1.128286,0.000000,0.000000,1.000000,0.000000,0.000000,0.000000,0.000000,0.000000,"Always Defect"
0.04,0.7,1,20260903,800,26,3.3123,189,1,0.043205,1.128830,0.000000,0.000000,1.000000,0.000000,0.000000,0.000000,0.000000,0.000000,"Always Defect"
0.04,0.7,2,20260904,800,26,3.3015,188,1,0.037817,1.111960,0.000000,0.000000,1.000000,0.000000,0.000000,0.000000,0.000000,0.000000,"Always Defect"
0.04,0.7,3,20260905,800,26,3.3178,192,1,0.037785,1.112555,0.000000,0.000000,1.000000,0.000000,0.000000,0.000000,0.000000,0.000000,"Always Defect"
0.04,0.7,4,20260906,800,26,3.3279,201,1,0.040481,1.120333,0.000000,0.000000,1.000000,0.000000,0.000000,0.000000,0.000000,0.000000,"Always Defect"
0.06,0.7,0,20260902,800,26,3.3402,204,1,0.061789,1.181444,0.000000,0.000000,1.000000,0.000000,0.000000,0.000000,0.000000,0.000000,"Always Defect"
0.06,0.7,1,20260903,800,26,3.3123,181,1,0.065986,1.194815,0.000000,0.000000,1.000000,0.000000,0.000000,0.000000,0.000000,0.000000,"Always Defect"
0.06,0.7,2,20260904,800,26,3.3015,199,1,0.055887,1.162817,0.000000,0.000000,1.000000,0.000000,0.000000,0.000000,0.000000,0.000000,"Always Defect"
0.06,0.7,3,20260905,800,26,3.3178,194,1,0.056777,1.167933,0.000000,0.000000,1.000000,0.000000,0.000000,0.000000,0.000000,0.000000,"Always Defect"
0.06,0.7,4,20260906,800,26,3.3279,205,1,0.057116,1.169501,0.000000,0.000000,1.000000,0.000000,0.000000,0.000000,0.000000,0.000000,"Always Defect"
0.08,0.7,0,20260902,800,26,3.3402,207,1,0.080816,1.236956,0.000000,0.000000,1.000000,0.000000,0.000000,0.000000,0.000000,0.000000,"Always Defect"
0.08,0.7,1,20260903,800,26,3.3123,185,1,0.084250,1.246465,0.000000,0.000000,1.000000,0.000000,0.000000,0.000000,0.000000,0.000000,"Always Defect"
0.08,0.7,2,20260904,800,26,3.3015,206,1,0.073398,1.212370,0.000000,0.000000,1.000000,0.000000,0.000000,0.000000,0.000000,0.000000,"Always Defect"
0.08,0.7,3,20260905,800,26,3.3178,212,1,0.077769,1.228509,0.000000,0.000000,1.000000,0.000000,0.000000,0.000000,0.000000,0.000000,"Always Defect"
0.08,0.7,4,20260906,800,26,3.3279,199,1,0.078743,1.230684,0.000000,0.000000,1.000000,0.000000,0.000000,0.000000,0.000000,0.000000,"Always Defect"
0.1,0.7,0,20260902,800,26,3.3402,196,1,0.101412,1.295606,0.000000,0.000000,1.000000,0.000000,0.000000,0.000000,0.000000,0.000000,"Always Defect"
0.1,0.7,1,20260903,800,26,3.3123,181,1,0.104478,1.302828,0.000000,0.000000,1.000000,0.000000,0.000000,0.000000,0.000000,0.000000,"Always Defect"
0.1,0.7,2,20260904,800,26,3.3015,214,1,0.095194,1.274404,0.000000,0.000000,1.000000,0.000000,0.000000,0.000000,0.000000,0.000000,"Always Defect"
0.1,0.7,3,20260905,800,26,3.3178,229,1,0.096561,1.280088,0.000000,0.000000,1.000000,0.000000,0.000000,0.000000,0.000000,0.000000,"Always Defect"
0.1,0.7,4,20260906,800,26,3.3279,205,1,0.101294,1.293900,0.000000,0.000000,1.000000,0.000000,0.000000,0.000000,0.000000,0.000000,"Always Defect"
0.12,0.7,0,20260902,800,26,3.3402,196,1,0.118478,1.342487,0.000000,0.000000,1.000000,0.000000,0.000000,0.000000,0.000000,0.000000,"Always Defect"
0.12,0.7,1,20260903,800,26,3.3123,187,1,0.126277,1.366261,0.000000,0.000000,1.000000,0.000000,0.000000,0.000000,0.000000,0.000000,"Always Defect"
0.12,0.7,2,20260904,800,26,3.3015,231,1,0.117548,1.334016,0.000000,0.000000,1.000000,0.000000,0.000000,0.000000,0.000000,0.000000,"Always Defect"
0.12,0.7,3,20260905,800,26,3.3178,235,1,0.113754,1.328069,0.000000,0.000000,1.000000,0.000000,0.000000,0.000000,0.000000,0.000000,"Always Defect"
0.12,0.7,4,20260906,800,26,3.3279,209,1,0.119778,1.346026,0.000000,0.000000,1.000000,0.000000,0.000000,0.000000,0.000000,0.000000,"Always Defect"
0.14,0.7,0,20260902,800,26,3.3402,213,1,0.134563,1.387211,0.000000,0.000000,1.000000,0.000000,0.000000,0.000000,0.000000,0.000000,"Always Defect"
0.14,0.7,1,20260903,800,26,3.3123,201,1,0.144148,1.415947,0.000000,0.000000,1.000000,0.000000,0.000000,0.000000,0.000000,0.000000,"Always Defect"
0.14,0.7,2,20260904,800,26,3.3015,247,1,0.136736,1.385991,0.000000,0.000000,1.000000,0.000000,0.000000,0.000000,0.000000,0.000000,"Always Defect"
0.14,0.7,3,20260905,800,26,3.3178,244,1,0.132347,1.380248,0.000000,0.000000,1.000000,0.000000,0.000000,0.000000,0.000000,0.000000,"Always Defect"
0.14,0.7,4,20260906,800,26,3.3279,215,1,0.137893,1.397043,0.000000,0.000000,1.000000,0.000000,0.000000,0.000000,0.000000,0.000000,"Always Defect"
0.16,0.7,0,20260902,800,26,3.3402,231,1,0.156924,1.446842,0.000000,0.000000,1.000000,0.000000,0.000000,0.000000,0.000000,0.000000,"Always Defect"
0.16,0.7,1,20260903,800,26,3.3123,218,1,0.162804,1.464847,0.000000,0.000000,1.000000,0.000000,0.000000,0.000000,0.000000,0.000000,"Always Defect"
0.16,0.7,2,20260904,800,26,3.3015,257,1,0.156297,1.440201,0.000000,0.000000,1.000000,0.000000,0.000000,0.000000,0.000000,0.000000,"Always Defect"
0.16,0.7,3,20260905,800,26,3.3178,274,1,0.152939,1.434026,0.000000,0.000000,1.000000,0.000000,0.000000,0.000000,0.000000,0.000000,"Always Defect"
0.16,0.7,4,20260906,800,26,3.3279,227,1,0.156932,1.449723,0.000000,0.000000,1.000000,0.000000,0.000000,0.000000,0.000000,0.000000,"Always Defect"
0.18,0.7,0,20260902,800,26,3.3402,228,1,0.178501,1.504119,0.000000,0.000000,1.000000,0.000000,0.000000,0.000000,0.000000,0.000000,"Always Defect"
0.18,0.7,1,20260903,800,26,3.3123,238,1,0.179497,1.509819,0.000000,0.000000,1.000000,0.000000,0.000000,0.000000,0.000000,0.000000,"Always Defect"
0.18,0.7,2,20260904,800,26,3.3015,265,1,0.176975,1.495902,0.000000,0.000000,1.000000,0.000000,0.000000,0.000000,0.000000,0.000000,"Always Defect"
0.18,0.7,3,20260905,800,26,3.3178,294,1,0.172931,1.488804,0.000000,0.000000,1.000000,0.000000,0.000000,0.000000,0.000000,0.000000,"Always Defect"
0.18,0.7,4,20260906,800,26,3.3279,248,1,0.172643,1.491682,0.000000,0.000000,1.000000,0.000000,0.000000,0.000000,0.000000,0.000000,"Always Defect"
0.2,0.7,0,20260902,800,26,3.3402,242,1,0.196155,1.548843,0.000000,0.000000,1.000000,0.000000,0.000000,0.000000,0.000000,0.000000,"Always Defect"
0.2,0.7,1,20260903,800,26,3.3123,245,1,0.198547,1.560683,0.000000,0.000000,1.000000,0.000000,0.000000,0.000000,0.000000,0.000000,"Always Defect"
0.2,0.7,2,20260904,800,26,3.3015,284,1,0.192809,1.537072,0.000000,0.000000,1.000000,0.000000,0.000000,0.000000,0.000000,0.000000,"Always Defect"
0.2,0.7,3,20260905,800,26,3.3178,324,1,0.194122,1.543982,0.000000,0.000000,1.000000,0.000000,0.000000,0.000000,0.000000,0.000000,"Always Defect"
0.2,0.7,4,20260906,800,26,3.3279,243,1,0.191497,1.540481,0.000000,0.000000,1.000000,0.000000,0.000000,0.000000,0.000000,0.000000,"Always Defect"
0,0.8,0,20260902,800,42,5.0007,207,5,1.000000,3.000000,1.000000,0.070913,0.000000,0.246711,0.337468,0.000000,0.179675,0.165233,"Always Cooperate;Tit-for-Tat;Grim Trigger;Pavlov;Tit-for-Two-Tats"
0,0.8,1,20260903,800,42,5.0040,209,5,1.000000,3.000000,1.000000,0.069110,0.000000,0.256644,0.335951,0.000000,0.173981,0.164314,"Always Cooperate;Tit-for-Tat;Grim Trigger;Pavlov;Tit-for-Two-Tats"
0,0.8,2,20260904,800,42,5.0120,211,5,1.000000,3.000000,1.000000,0.075670,0.000000,0.252505,0.326028,0.000000,0.179134,0.166663,"Always Cooperate;Tit-for-Tat;Grim Trigger;Pavlov;Tit-for-Two-Tats"
0,0.8,3,20260905,800,42,4.9792,205,5,1.000000,3.000000,1.000000,0.076823,0.000000,0.244682,0.324810,0.000000,0.180842,0.172844,"Always Cooperate;Tit-for-Tat;Grim Trigger;Pavlov;Tit-for-Two-Tats"
0,0.8,4,20260906,800,42,5.0157,204,5,1.000000,3.000000,1.000000,0.073868,0.000000,0.251152,0.334006,0.000000,0.172755,0.168219,"Always Cooperate;Tit-for-Tat;Grim Trigger;Pavlov;Tit-for-Two-Tats"
0.02,0.8,0,20260902,800,42,5.0007,,5,0.941802,2.935589,0.988787,0.098385,0.000000,0.615478,0.000000,0.011213,0.010602,0.264321,"Always Cooperate;Tit-for-Tat;Random;Pavlov;Tit-for-Two-Tats"
0.02,0.8,1,20260903,800,42,5.0040,52466,1,0.978465,2.977970,1.000000,0.000000,0.000000,0.000000,0.000000,0.000000,0.000000,1.000000,"Tit-for-Two-Tats"
0.02,0.8,2,20260904,800,42,5.0120,1239,1,0.018421,1.055013,0.000000,0.000000,1.000000,0.000000,0.000000,0.000000,0.000000,0.000000,"Always Defect"
0.02,0.8,3,20260905,800,42,4.9792,42682,2,0.953293,2.949872,1.000000,0.000000,0.000000,0.593692,0.000000,0.000000,0.000000,0.406308,"Tit-for-Tat;Tit-for-Two-Tats"
0.02,0.8,4,20260906,800,42,5.0157,,3,0.927601,2.909736,0.958636,0.000000,0.000000,0.575682,0.000000,0.041364,0.000000,0.382954,"Tit-for-Tat;Random;Tit-for-Two-Tats"
0.04,0.8,0,20260902,800,42,5.0007,28348,3,0.879622,2.854290,0.955213,0.000000,0.000000,0.576692,0.000000,0.044787,0.000000,0.378522,"Tit-for-Tat;Random;Tit-for-Two-Tats"
0.04,0.8,1,20260903,800,42,5.0040,1379,1,0.042919,1.127304,0.000000,0.000000,1.000000,0.000000,0.000000,0.000000,0.000000,0.000000,"Always Defect"
0.04,0.8,2,20260904,800,42,5.0120,,4,0.881885,2.858200,0.968548,0.105824,0.000000,0.677630,0.000000,0.031452,0.000000,0.185094,"Always Cooperate;Tit-for-Tat;Random;Tit-for-Two-Tats"
0.04,0.8,3,20260905,800,42,4.9792,45279,2,0.910125,2.896678,1.000000,0.000000,0.000000,0.660246,0.000000,0.000000,0.000000,0.339754,"Tit-for-Tat;Tit-for-Two-Tats"
0.04,0.8,4,20260906,800,42,5.0157,18224,3,0.861384,2.826382,0.933593,0.000000,0.000000,0.619858,0.000000,0.066407,0.000000,0.313735,"Tit-for-Tat;Random;Tit-for-Two-Tats"
0.06,0.8,0,20260902,800,42,5.0007,50156,4,0.837627,2.802989,0.969162,0.139968,0.000000,0.722993,0.000000,0.030838,0.000000,0.106201,"Always Cooperate;Tit-for-Tat;Random;Tit-for-Two-Tats"
0.06,0.8,1,20260903,800,42,5.0040,1276,1,0.063531,1.187197,0.000000,0.000000,1.000000,0.000000,0.000000,0.000000,0.000000,0.000000,"Always Defect"
0.06,0.8,2,20260904,800,42,5.0120,10253,1,0.056642,1.166416,0.000000,0.000000,1.000000,0.000000,0.000000,0.000000,0.000000,0.000000,"Always Defect"
0.06,0.8,3,20260905,800,42,4.9792,,3,0.841348,2.807299,0.985590,0.195581,0.000000,0.790008,0.000000,0.014410,0.000000,0.000000,"Always Cooperate;Tit-for-Tat;Random"
0.06,0.8,4,20260906,800,42,5.0157,16574,3,0.817180,2.766500,0.926046,0.000000,0.000000,0.660100,0.000000,0.073954,0.000000,0.265946,"Tit-for-Tat;Random;Tit-for-Two-Tats"
0.08,0.8,0,20260902,800,42,5.0007,14867,3,0.791285,2.736670,0.966099,0.166577,0.000000,0.799521,0.000000,0.033901,0.000000,0.000000,"Always Cooperate;Tit-for-Tat;Random"
0.08,0.8,1,20260903,800,42,5.0040,2752,1,0.650936,2.402454,1.000000,0.000000,0.000000,0.000000,1.000000,0.000000,0.000000,0.000000,"Grim Trigger"
0.08,0.8,2,20260904,800,42,5.0120,1995,1,0.074812,1.218421,0.000000,0.000000,1.000000,0.000000,0.000000,0.000000,0.000000,0.000000,"Always Defect"
0.08,0.8,3,20260905,800,42,4.9792,52179,4,0.806927,2.754265,0.975546,0.116274,0.000000,0.763358,0.000000,0.024454,0.000000,0.095914,"Always Cooperate;Tit-for-Tat;Random;Tit-for-Two-Tats"
0.08,0.8,4,20260906,800,42,5.0157,20984,1,0.076482,1.223966,0.000000,0.000000,1.000000,0.000000,0.000000,0.000000,0.000000,0.000000,"Always Defect"
0.1,0.8,0,20260902,800,42,5.0007,341,1,0.098329,1.287151,0.000000,0.000000,1.000000,0.000000,0.000000,0.000000,0.000000,0.000000,"Always Defect"
0.1,0.8,1,20260903,800,42,5.0040,276,1,0.103177,1.299103,0.000000,0.000000,1.000000,0.000000,0.000000,0.000000,0.000000,0.000000,"Always Defect"
0.1,0.8,2,20260904,800,42,5.0120,2087,1,0.094612,1.275063,0.000000,0.000000,1.000000,0.000000,0.000000,0.000000,0.000000,0.000000,"Always Defect"
0.1,0.8,3,20260905,800,42,4.9792,351,1,0.101535,1.294540,0.000000,0.000000,1.000000,0.000000,0.000000,0.000000,0.000000,0.000000,"Always Defect"
0.1,0.8,4,20260906,800,42,5.0157,413,1,0.097534,1.283881,0.000000,0.000000,1.000000,0.000000,0.000000,0.000000,0.000000,0.000000,"Always Defect"
0.12,0.8,0,20260902,800,42,5.0007,324,1,0.117394,1.339384,0.000000,0.000000,1.000000,0.000000,0.000000,0.000000,0.000000,0.000000,"Always Defect"
0.12,0.8,1,20260903,800,42,5.0040,277,1,0.124758,1.360694,0.000000,0.000000,1.000000,0.000000,0.000000,0.000000,0.000000,0.000000,"Always Defect"
0.12,0.8,2,20260904,800,42,5.0120,366,1,0.115163,1.330451,0.000000,0.000000,1.000000,0.000000,0.000000,0.000000,0.000000,0.000000,"Always Defect"
0.12,0.8,3,20260905,800,42,4.9792,341,1,0.119527,1.344992,0.000000,0.000000,1.000000,0.000000,0.000000,0.000000,0.000000,0.000000,"Always Defect"
0.12,0.8,4,20260906,800,42,5.0157,342,1,0.116094,1.336074,0.000000,0.000000,1.000000,0.000000,0.000000,0.000000,0.000000,0.000000,"Always Defect"
0.14,0.8,0,20260902,800,42,5.0007,344,1,0.135153,1.388483,0.000000,0.000000,1.000000,0.000000,0.000000,0.000000,0.000000,0.000000,"Always Defect"
0.14,0.8,1,20260903,800,42,5.0040,278,1,0.143671,1.412585,0.000000,0.000000,1.000000,0.000000,0.000000,0.000000,0.000000,0.000000,"Always Defect"
0.14,0.8,2,20260904,800,42,5.0120,375,1,0.134461,1.383333,0.000000,0.000000,1.000000,0.000000,0.000000,0.000000,0.000000,0.000000,"Always Defect"
0.14,0.8,3,20260905,800,42,4.9792,338,1,0.138525,1.397458,0.000000,0.000000,1.000000,0.000000,0.000000,0.000000,0.000000,0.000000,"Always Defect"
0.14,0.8,4,20260906,800,42,5.0157,335,1,0.134031,1.386647,0.000000,0.000000,1.000000,0.000000,0.000000,0.000000,0.000000,0.000000,"Always Defect"
0.16,0.8,0,20260902,800,42,5.0007,350,1,0.158527,1.452599,0.000000,0.000000,1.000000,0.000000,0.000000,0.000000,0.000000,0.000000,"Always Defect"
0.16,0.8,1,20260903,800,42,5.0040,287,1,0.164040,1.466416,0.000000,0.000000,1.000000,0.000000,0.000000,0.000000,0.000000,0.000000,"Always Defect"
0.16,0.8,2,20260904,800,42,5.0120,368,1,0.155764,1.442982,0.000000,0.000000,1.000000,0.000000,0.000000,0.000000,0.000000,0.000000,"Always Defect"
0.16,0.8,3,20260905,800,42,4.9792,371,1,0.159537,1.452693,0.000000,0.000000,1.000000,0.000000,0.000000,0.000000,0.000000,0.000000,"Always Defect"
0.16,0.8,4,20260906,800,42,5.0157,392,1,0.152715,1.438964,0.000000,0.000000,1.000000,0.000000,0.000000,0.000000,0.000000,0.000000,"Always Defect"
0.18,0.8,0,20260902,800,42,5.0007,372,1,0.178637,1.506399,0.000000,0.000000,1.000000,0.000000,0.000000,0.000000,0.000000,0.000000,"Always Defect"
0.18,0.8,1,20260903,800,42,5.0040,305,1,0.182953,1.515883,0.000000,0.000000,1.000000,0.000000,0.000000,0.000000,0.000000,0.000000,"Always Defect"
0.18,0.8,2,20260904,800,42,5.0120,383,1,0.175689,1.496491,0.000000,0.000000,1.000000,0.000000,0.000000,0.000000,0.000000,0.000000,"Always Defect"
0.18,0.8,3,20260905,800,42,4.9792,403,1,0.179919,1.508304,0.000000,0.000000,1.000000,0.000000,0.000000,0.000000,0.000000,0.000000,"Always Defect"
0.18,0.8,4,20260906,800,42,5.0157,425,1,0.170030,1.484928,0.000000,0.000000,1.000000,0.000000,0.000000,0.000000,0.000000,0.000000,"Always Defect"
0.2,0.8,0,20260902,800,42,5.0007,399,1,0.196918,1.553669,0.000000,0.000000,1.000000,0.000000,0.000000,0.000000,0.000000,0.000000,"Always Defect"
0.2,0.8,1,20260903,800,42,5.0040,333,1,0.201503,1.565713,0.000000,0.000000,1.000000,0.000000,0.000000,0.000000,0.000000,0.000000,"Always Defect"
0.2,0.8,2,20260904,800,42,5.0120,409,1,0.193484,1.542105,0.000000,0.000000,1.000000,0.000000,0.000000,0.000000,0.000000,0.000000,"Always Defect"
0.2,0.8,3,20260905,800,42,4.9792,425,1,0.200554,1.562909,0.000000,0.000000,1.000000,0.000000,0.000000,0.000000,0.000000,0.000000,"Always Defect"
0.2,0.8,4,20260906,800,42,5.0157,378,1,0.190458,1.538989,0.000000,0.000000,1.000000,0.000000,0.000000,0.000000,0.000000,0.000000,"Always Defect"
0,0.9,0,20260902,800,88,9.9264,156,5,1.000000,3.000000,1.000000,0.114616,0.000000,0.224529,0.285038,0.000000,0.190187,0.185630,"Always Cooperate;Tit-for-Tat;Grim Trigger;Pavlov;Tit-for-Two-Tats"
0,0.9,1,20260903,800,88,10.0064,157,5,1.000000,3.000000,1.000000,0.113235,0.000000,0.226352,0.285119,0.000000,0.188843,0.186452,"Always Cooperate;Tit-for-Tat;Grim Trigger;Pavlov;Tit-for-Two-Tats"
0,0.9,2,20260904,800,88,10.1214,151,5,1.000000,3.000000,1.000000,0.116039,0.000000,0.225002,0.284553,0.000000,0.188028,0.186378,"Always Cooperate;Tit-for-Tat;Grim Trigger;Pavlov;Tit-for-Two-Tats"
0,0.9,3,20260905,800,88,9.9690,155,5,1.000000,3.000000,1.000000,0.115703,0.000000,0.226817,0.279730,0.000000,0.191197,0.186553,"Always Cooperate;Tit-for-Tat;Grim Trigger;Pavlov;Tit-for-Two-Tats"
0,0.9,4,20260906,800,88,10.0242,155,5,1.000000,3.000000,1.000000,0.115157,0.000000,0.226437,0.285258,0.000000,0.186602,0.186545,"Always Cooperate;Tit-for-Tat;Grim Trigger;Pavlov;Tit-for-Two-Tats"
0.02,0.9,0,20260902,800,88,9.9264,8029,2,0.835896,2.720338,1.000000,0.000000,0.000000,0.000000,0.462714,0.000000,0.537286,0.000000,"Grim Trigger;Pavlov"
0.02,0.9,1,20260903,800,88,10.0064,12660,2,0.966175,2.963445,1.000000,0.000000,0.000000,0.284021,0.000000,0.000000,0.000000,0.715979,"Tit-for-Tat;Tit-for-Two-Tats"
0.02,0.9,2,20260904,800,88,10.1214,8166,2,0.966073,2.963055,1.000000,0.000000,0.000000,0.293580,0.000000,0.000000,0.000000,0.706420,"Tit-for-Tat;Tit-for-Two-Tats"
0.02,0.9,3,20260905,800,88,9.9690,17588,2,0.970462,2.968470,1.000000,0.000000,0.000000,0.227607,0.000000,0.000000,0.000000,0.772393,"Tit-for-Tat;Tit-for-Two-Tats"
0.02,0.9,4,20260906,800,88,10.0242,12341,3,0.919922,2.898823,0.944606,0.000000,0.000000,0.361757,0.000000,0.055394,0.000000,0.582849,"Tit-for-Tat;Random;Tit-for-Two-Tats"
0.04,0.9,0,20260902,800,88,9.9264,20461,3,0.860525,2.821750,0.913735,0.000000,0.000000,0.374606,0.000000,0.086265,0.000000,0.539129,"Tit-for-Tat;Random;Tit-for-Two-Tats"
0.04,0.9,1,20260903,800,88,10.0064,43541,3,0.853695,2.811036,0.908060,0.000000,0.000000,0.400065,0.000000,0.091940,0.000000,0.507995,"Tit-for-Tat;Random;Tit-for-Two-Tats"
0.04,0.9,2,20260904,800,88,10.1214,25518,3,0.887596,2.859519,0.945786,0.000000,0.000000,0.357696,0.000000,0.054214,0.000000,0.588090,"Tit-for-Tat;Random;Tit-for-Two-Tats"
0.04,0.9,3,20260905,800,88,9.9690,,4,0.926971,2.917469,0.999582,0.013186,0.000000,0.372526,0.000000,0.000418,0.000000,0.613870,"Always Cooperate;Tit-for-Tat;Random;Tit-for-Two-Tats"
0.04,0.9,4,20260906,800,88,10.0242,5920,3,0.879107,2.846164,0.933584,0.000000,0.000000,0.376280,0.000000,0.066416,0.000000,0.557304,"Tit-for-Tat;Random;Tit-for-Two-Tats"
0.06,0.9,0,20260902,800,88,9.9264,4811,2,0.899163,2.883484,1.000000,0.000000,0.000000,0.332088,0.000000,0.000000,0.000000,0.667912,"Tit-for-Tat;Tit-for-Two-Tats"
0.06,0.9,1,20260903,800,88,10.0064,27018,3,0.742964,2.648082,0.801869,0.000000,0.000000,0.457438,0.000000,0.198131,0.000000,0.344432,"Tit-for-Tat;Random;Tit-for-Two-Tats"
0.06,0.9,2,20260904,800,88,10.1214,13099,3,0.862462,2.828257,0.960965,0.000000,0.000000,0.381869,0.000000,0.039035,0.000000,0.579096,"Tit-for-Tat;Random;Tit-for-Two-Tats"
0.06,0.9,3,20260905,800,88,9.9690,,4,0.890812,2.871209,0.996207,0.000975,0.000000,0.375708,0.000000,0.003793,0.000000,0.619524,"Always Cooperate;Tit-for-Tat;Random;Tit-for-Two-Tats"
0.06,0.9,4,20260906,800,88,10.0242,5097,3,0.828588,2.778223,0.913988,0.000000,0.000000,0.403958,0.000000,0.086012,0.000000,0.510030,"Tit-for-Tat;Random;Tit-for-Two-Tats"
0.08,0.9,0,20260902,800,88,9.9264,8102,3,0.832297,2.791166,0.964610,0.000000,0.000000,0.412923,0.000000,0.035390,0.000000,0.551687,"Tit-for-Tat;Random;Tit-for-Two-Tats"
0.08,0.9,1,20260903,800,88,10.0064,11376,3,0.726503,2.625706,0.810393,0.000000,0.000000,0.472219,0.000000,0.189607,0.000000,0.338174,"Tit-for-Tat;Random;Tit-for-Two-Tats"
0.08,0.9,2,20260904,800,88,10.1214,13872,3,0.817687,2.765659,0.947501,0.000000,0.000000,0.406558,0.000000,0.052499,0.000000,0.540943,"Tit-for-Tat;Random;Tit-for-Two-Tats"
0.08,0.9,3,20260905,800,88,9.9690,12584,4,0.823474,2.774276,0.954657,0.022012,0.000000,0.423701,0.000000,0.045343,0.000000,0.508944,"Always Cooperate;Tit-for-Tat;Random;Tit-for-Two-Tats"
0.08,0.9,4,20260906,800,88,10.0242,4608,3,0.802914,2.745427,0.926721,0.000000,0.000000,0.442668,0.000000,0.073279,0.000000,0.484053,"Tit-for-Tat;Random;Tit-for-Two-Tats"
0.1,0.9,0,20260902,800,88,9.9264,7307,3,0.789723,2.728662,0.954509,0.000000,0.000000,0.459250,0.000000,0.045491,0.000000,0.495259,"Tit-for-Tat;Random;Tit-for-Two-Tats"
0.1,0.9,1,20260903,800,88,10.0064,9775,3,0.696620,2.581116,0.813648,0.000000,0.000000,0.513959,0.000000,0.186352,0.000000,0.299689,"Tit-for-Tat;Random;Tit-for-Two-Tats"
0.1,0.9,2,20260904,800,88,10.1214,,4,0.782380,2.716107,0.951438,0.000272,0.000000,0.451121,0.000000,0.048562,0.000000,0.500046,"Always Cooperate;Tit-for-Tat;Random;Tit-for-Two-Tats"
0.1,0.9,3,20260905,800,88,9.9690,10766,4,0.761694,2.684154,0.935125,0.055805,0.000000,0.536629,0.000000,0.064875,0.000000,0.342692,"Always Cooperate;Tit-for-Tat;Random;Tit-for-Two-Tats"
0.1,0.9,4,20260906,800,88,10.0242,7205,3,0.767593,2.693995,0.936835,0.000000,0.000000,0.503838,0.000000,0.063165,0.000000,0.432997,"Tit-for-Tat;Random;Tit-for-Two-Tats"
0.12,0.9,0,20260902,800,88,9.9264,5051,3,0.733026,2.641906,0.907582,0.000000,0.000000,0.502857,0.000000,0.092418,0.000000,0.404724,"Tit-for-Tat;Random;Tit-for-Two-Tats"
0.12,0.9,1,20260903,800,88,10.0064,2299,1,0.399604,1.924038,1.000000,0.000000,0.000000,0.000000,1.000000,0.000000,0.000000,0.000000,"Grim Trigger"
0.12,0.9,2,20260904,800,88,10.1214,16014,4,0.715178,2.617187,0.917171,0.032825,0.000000,0.557024,0.000000,0.082829,0.000000,0.327322,"Always Cooperate;Tit-for-Tat;Random;Tit-for-Two-Tats"
0.12,0.9,3,20260905,800,88,9.9690,23620,4,0.689079,2.572909,0.908363,0.122135,0.000000,0.691647,0.000000,0.091637,0.000000,0.094581,"Always Cooperate;Tit-for-Tat;Random;Tit-for-Two-Tats"
0.12,0.9,4,20260906,800,88,10.0242,7974,3,0.681262,2.558665,0.863926,0.000000,0.000000,0.593801,0.000000,0.136074,0.000000,0.270125,"Tit-for-Tat;Random;Tit-for-Two-Tats"
0.14,0.9,0,20260902,800,88,9.9264,1057,1,0.388624,1.914148,1.000000,0.000000,0.000000,0.000000,1.000000,0.000000,0.000000,0.000000,"Grim Trigger"
0.14,0.9,1,20260903,800,88,10.0064,2526,1,0.382531,1.906347,1.000000,0.000000,0.000000,0.000000,1.000000,0.000000,0.000000,0.000000,"Grim Trigger"
0.14,0.9,2,20260904,800,88,10.1214,11210,3,0.673321,2.550918,0.880964,0.000000,0.000000,0.554105,0.000000,0.119036,0.000000,0.326859,"Tit-for-Tat;Random;Tit-for-Two-Tats"
0.14,0.9,3,20260905,800,88,9.9690,1427,1,0.373804,1.885294,1.000000,0.000000,0.000000,0.000000,1.000000,0.000000,0.000000,0.000000,"Grim Trigger"
0.14,0.9,4,20260906,800,88,10.0242,3684,1,0.373075,1.886708,1.000000,0.000000,0.000000,0.000000,1.000000,0.000000,0.000000,0.000000,"Grim Trigger"
0.16,0.9,0,20260902,800,88,9.9264,766,1,0.383795,1.916844,1.000000,0.000000,0.000000,0.000000,1.000000,0.000000,0.000000,0.000000,"Grim Trigger"
0.16,0.9,1,20260903,800,88,10.0064,587,1,0.161004,1.458638,0.000000,0.000000,1.000000,0.000000,0.000000,0.000000,0.000000,0.000000,"Always Defect"
0.16,0.9,2,20260904,800,88,10.1214,754,1,0.372281,1.900076,1.000000,0.000000,0.000000,0.000000,1.000000,0.000000,0.000000,0.000000,"Grim Trigger"
0.16,0.9,3,20260905,800,88,9.9690,765,1,0.158269,1.448400,0.000000,0.000000,1.000000,0.000000,0.000000,0.000000,0.000000,0.000000,"Always Defect"
0.16,0.9,4,20260906,800,88,10.0242,1338,1,0.367395,1.890747,1.000000,0.000000,0.000000,0.000000,1.000000,0.000000,0.000000,0.000000,"Grim Trigger"
0.18,0.9,0,20260902,800,88,9.9264,736,1,0.178153,1.504625,0.000000,0.000000,1.000000,0.000000,0.000000,0.000000,0.000000,0.000000,"Always Defect"
0.18,0.9,1,20260903,800,88,10.0064,608,1,0.179854,1.508104,0.000000,0.000000,1.000000,0.000000,0.000000,0.000000,0.000000,0.000000,"Always Defect"
0.18,0.9,2,20260904,800,88,10.1214,698,1,0.366747,1.901030,1.000000,0.000000,0.000000,0.000000,1.000000,0.000000,0.000000,0.000000,"Grim Trigger"
0.18,0.9,3,20260905,800,88,9.9690,744,1,0.179384,1.506389,0.000000,0.000000,1.000000,0.000000,0.000000,0.000000,0.000000,0.000000,"Always Defect"
0.18,0.9,4,20260906,800,88,10.0242,971,1,0.364491,1.897816,1.000000,0.000000,0.000000,0.000000,1.000000,0.000000,0.000000,0.000000,"Grim Trigger"
0.2,0.9,0,20260902,800,88,9.9264,692,1,0.197303,1.554651,0.000000,0.000000,1.000000,0.000000,0.000000,0.000000,0.000000,0.000000,"Always Defect"
0.2,0.9,1,20260903,800,88,10.0064,631,1,0.198823,1.559731,0.000000,0.000000,1.000000,0.000000,0.000000,0.000000,0.000000,0.000000,"Always Defect"
0.2,0.9,2,20260904,800,88,10.1214,1209,1,0.194603,1.545278,0.000000,0.000000,1.000000,0.000000,0.000000,0.000000,0.000000,0.000000,"Always Defect"
0.2,0.9,3,20260905,800,88,9.9690,714,1,0.199708,1.560789,0.000000,0.000000,1.000000,0.000000,0.000000,0.000000,0.000000,0.000000,"Always Defect"
0.2,0.9,4,20260906,800,88,10.0242,742,1,0.198343,1.556968,0.000000,0.000000,1.000000,0.000000,0.000000,0.000000,0.000000,0.000000,"Always Defect"
0,0.95,0,20260902,501,180,20.0454,131,5,1.000000,3.000000,1.000000,0.126736,0.000000,0.219209,0.273451,0.000000,0.190352,0.190252,"Always Cooperate;Tit-for-Tat;Grim Trigger;Pavlov;Tit-for-Two-Tats"
0,0.95,1,20260903,501,180,19.8139,133,5,1.000000,3.000000,1.000000,0.125383,0.000000,0.218634,0.274387,0.000000,0.190787,0.190809,"Always Cooperate;Tit-for-Tat;Grim Trigger;Pavlov;Tit-for-Two-Tats"
0,0.95,2,20260904,501,180,20.0896,130,5,1.000000,3.000000,1.000000,0.126029,0.000000,0.219671,0.275671,0.000000,0.188504,0.190126,"Always Cooperate;Tit-for-Tat;Grim Trigger;Pavlov;Tit-for-Two-Tats"
0,0.95,3,20260905,501,180,20.1468,131,5,1.000000,3.000000,1.000000,0.127585,0.000000,0.219928,0.272098,0.000000,0.190679,0.189710,"Always Cooperate;Tit-for-Tat;Grim Trigger;Pavlov;Tit-for-Two-Tats"
0,0.95,4,20260906,501,180,19.9631,132,5,1.000000,3.000000,1.000000,0.125467,0.000000,0.221898,0.273403,0.000000,0.188883,0.190349,"Always Cooperate;Tit-for-Tat;Grim Trigger;Pavlov;Tit-for-Two-Tats"
0.02,0.95,0,20260902,501,180,20.0454,30444,3,0.859033,2.810053,0.860468,0.000000,0.000000,0.269346,0.000000,0.139532,0.000000,0.591121,"Tit-for-Tat;Random;Tit-for-Two-Tats"
0.02,0.95,1,20260903,501,180,19.8139,32221,3,0.880345,2.841104,0.890292,0.000000,0.000000,0.290567,0.000000,0.109708,0.000000,0.599725,"Tit-for-Tat;Random;Tit-for-Two-Tats"
0.02,0.95,2,20260904,501,180,20.0896,47414,3,0.911520,2.886166,0.930427,0.000000,0.000000,0.247412,0.000000,0.069573,0.000000,0.683015,"Tit-for-Tat;Random;Tit-for-Two-Tats"
0.02,0.95,3,20260905,501,180,20.1468,21369,3,0.876238,2.834693,0.883045,0.000000,0.000000,0.260936,0.000000,0.116955,0.000000,0.622109,"Tit-for-Tat;Random;Tit-for-Two-Tats"
0.02,0.95,4,20260906,501,180,19.9631,15170,2,0.975170,2.973535,1.000000,0.000000,0.000000,0.123352,0.000000,0.000000,0.000000,0.876648,"Tit-for-Tat;Tit-for-Two-Tats"
0.04,0.95,0,20260902,501,180,20.0454,26946,3,0.805247,2.737108,0.825265,0.000000,0.000000,0.295838,0.000000,0.174735,0.000000,0.529426,"Tit-for-Tat;Random;Tit-for-Two-Tats"
0.04,0.95,1,20260903,501,180,19.8139,22355,3,0.789371,2.713369,0.808438,0.000000,0.000000,0.324970,0.000000,0.191562,0.000000,0.483468,"Tit-for-Tat;Random;Tit-for-Two-Tats"
0.04,0.95,2,20260904,501,180,20.0896,39139,3,0.836165,2.783173,0.869367,0.000000,0.000000,0.281193,0.000000,0.130633,0.000000,0.588174,"Tit-for-Tat;Random;Tit-for-Two-Tats"
0.04,0.95,3,20260905,501,180,20.1468,33428,3,0.853398,2.806240,0.890568,0.000000,0.000000,0.276402,0.000000,0.109432,0.000000,0.614166,"Tit-for-Tat;Random;Tit-for-Two-Tats"
0.04,0.95,4,20260906,501,180,19.9631,7953,3,0.810490,2.744543,0.837155,0.000000,0.000000,0.314837,0.000000,0.162845,0.000000,0.522318,"Tit-for-Tat;Random;Tit-for-Two-Tats"
0.06,0.95,0,20260902,501,180,20.0454,5128,3,0.827986,2.776094,0.890320,0.000000,0.000000,0.283275,0.000000,0.109680,0.000000,0.607044,"Tit-for-Tat;Random;Tit-for-Two-Tats"
0.06,0.95,1,20260903,501,180,19.8139,43818,3,0.699168,2.576670,0.720391,0.000000,0.000000,0.378555,0.000000,0.279609,0.000000,0.341836,"Tit-for-Tat;Random;Tit-for-Two-Tats"
0.06,0.95,2,20260904,501,180,20.0896,6815,3,0.761095,2.674006,0.816000,0.000000,0.000000,0.342628,0.000000,0.184000,0.000000,0.473372,"Tit-for-Tat;Random;Tit-for-Two-Tats"
0.06,0.95,3,20260905,501,180,20.1468,3854,3,0.832324,2.781219,0.900186,0.000000,0.000000,0.286887,0.000000,0.099814,0.000000,0.613298,"Tit-for-Tat;Random;Tit-for-Two-Tats"
0.06,0.95,4,20260906,501,180,19.9631,6820,3,0.759511,2.673625,0.806356,0.000000,0.000000,0.349251,0.000000,0.193644,0.000000,0.457105,"Tit-for-Tat;Random;Tit-for-Two-Tats"
0.08,0.95,0,20260902,501,180,20.0454,4970,3,0.767428,2.688973,0.853313,0.000000,0.000000,0.339125,0.000000,0.146687,0.000000,0.514188,"Tit-for-Tat;Random;Tit-for-Two-Tats"
0.08,0.95,1,20260903,501,180,19.8139,19919,3,0.691814,2.569393,0.747852,0.000000,0.000000,0.397207,0.000000,0.252148,0.000000,0.350645,"Tit-for-Tat;Random;Tit-for-Two-Tats"
0.08,0.95,2,20260904,501,180,20.0896,10263,3,0.807848,2.749285,0.915998,0.000000,0.000000,0.303776,0.000000,0.084002,0.000000,0.612223,"Tit-for-Tat;Random;Tit-for-Two-Tats"
0.08,0.95,3,20260905,501,180,20.1468,,3,0.878178,2.853991,1.000000,0.000158,0.000000,0.255241,0.000000,0.000000,0.000000,0.744601,"Always Cooperate;Tit-for-Tat;Tit-for-Two-Tats"
0.08,0.95,4,20260906,501,180,19.9631,5420,3,0.733152,2.636482,0.812236,0.000000,0.000000,0.386581,0.000000,0.187764,0.000000,0.425655,"Tit-for-Tat;Random;Tit-for-Two-Tats"
0.1,0.95,0,20260902,501,180,20.0454,7067,3,0.692624,2.572532,0.789431,0.000000,0.000000,0.411620,0.000000,0.210569,0.000000,0.377811,"Tit-for-Tat;Random;Tit-for-Two-Tats"
0.1,0.95,1,20260903,501,180,19.8139,9289,3,0.681631,2.554810,0.772856,0.000000,0.000000,0.423965,0.000000,0.227144,0.000000,0.348891,"Tit-for-Tat;Random;Tit-for-Two-Tats"
0.1,0.95,2,20260904,501,180,20.0896,9590,3,0.778334,2.708944,0.923075,0.000000,0.000000,0.346779,0.000000,0.076925,0.000000,0.576296,"Tit-for-Tat;Random;Tit-for-Two-Tats"
0.1,0.95,3,20260905,501,180,20.1468,38454,4,0.817634,2.768616,0.975102,0.027429,0.000000,0.336785,0.000000,0.024898,0.000000,0.610888,"Always Cooperate;Tit-for-Tat;Random;Tit-for-Two-Tats"
0.1,0.95,4,20260906,501,180,19.9631,9357,3,0.692872,2.574596,0.810561,0.000000,0.000000,0.448540,0.000000,0.189439,0.000000,0.362021,"Tit-for-Tat;Random;Tit-for-Two-Tats"
0.12,0.95,0,20260902,501,180,20.0454,5289,3,0.707814,2.598650,0.848332,0.000000,0.000000,0.405226,0.000000,0.151668,0.000000,0.443106,"Tit-for-Tat;Random;Tit-for-Two-Tats"
0.12,0.95,1,20260903,501,180,19.8139,1685,1,0.284130,1.685820,1.000000,0.000000,0.000000,0.000000,1.000000,0.000000,0.000000,0.000000,"Grim Trigger"
0.12,0.95,2,20260904,501,180,20.0896,45436,3,0.786359,2.725601,0.972040,0.000000,0.000000,0.329577,0.000000,0.027960,0.000000,0.642463,"Tit-for-Tat;Random;Tit-for-Two-Tats"
0.12,0.95,3,20260905,501,180,20.1468,,4,0.791367,2.733271,0.987179,0.042022,0.000000,0.380428,0.000000,0.012821,0.000000,0.564730,"Always Cooperate;Tit-for-Tat;Random;Tit-for-Two-Tats"
0.12,0.95,4,20260906,501,180,19.9631,5493,3,0.705084,2.598119,0.870364,0.000000,0.000000,0.452360,0.000000,0.129636,0.000000,0.418004,"Tit-for-Tat;Random;Tit-for-Two-Tats"
0.14,0.95,0,20260902,501,180,20.0454,6792,3,0.670428,2.541181,0.835487,0.000000,0.000000,0.440538,0.000000,0.164513,0.000000,0.394949,"Tit-for-Tat;Random;Tit-for-Two-Tats"
0.14,0.95,1,20260903,501,180,19.8139,3379,1,0.279906,1.692924,1.000000,0.000000,0.000000,0.000000,1.000000,0.000000,0.000000,0.000000,"Grim Trigger"
0.14,0.95,2,20260904,501,180,20.0896,30135,4,0.728593,2.640003,0.952252,0.037495,0.000000,0.437104,0.000000,0.047748,0.000000,0.477653,"Always Cooperate;Tit-for-Tat;Random;Tit-for-Two-Tats"
0.14,0.95,3,20260905,501,180,20.1468,35360,4,0.730486,2.641828,0.959810,0.050068,0.000000,0.466466,0.000000,0.040190,0.000000,0.443276,"Always Cooperate;Tit-for-Tat;Random;Tit-for-Two-Tats"
0.14,0.95,4,20260906,501,180,19.9631,2761,1,0.262598,1.654436,1.000000,0.000000,0.000000,0.000000,1.000000,0.000000,0.000000,0.000000,"Grim Trigger"
0.16,0.95,0,20260902,501,180,20.0454,778,1,0.276813,1.699846,1.000000,0.000000,0.000000,0.000000,1.000000,0.000000,0.000000,0.000000,"Grim Trigger"
0.16,0.95,1,20260903,501,180,19.8139,885,1,0.283026,1.713326,1.000000,0.000000,0.000000,0.000000,1.000000,0.000000,0.000000,0.000000,"Grim Trigger"
0.16,0.95,2,20260904,501,180,20.0896,610,1,0.275503,1.698576,1.000000,0.000000,0.000000,0.000000,1.000000,0.000000,0.000000,0.000000,"Grim Trigger"
0.16,0.95,3,20260905,501,180,20.1468,975,1,0.277435,1.701354,1.000000,0.000000,0.000000,0.000000,1.000000,0.000000,0.000000,0.000000,"Grim Trigger"
0.16,0.95,4,20260906,501,180,19.9631,1313,1,0.264754,1.673070,1.000000,0.000000,0.000000,0.000000,1.000000,0.000000,0.000000,0.000000,"Grim Trigger"
0.18,0.95,0,20260902,501,180,20.0454,1053,1,0.282938,1.724103,1.000000,0.000000,0.000000,0.000000,1.000000,0.000000,0.000000,0.000000,"Grim Trigger"
0.18,0.95,1,20260903,501,180,19.8139,1243,1,0.180515,1.508839,0.000000,0.000000,1.000000,0.000000,0.000000,0.000000,0.000000,0.000000,"Always Defect"
0.18,0.95,2,20260904,501,180,20.0896,809,1,0.277614,1.716691,1.000000,0.000000,0.000000,0.000000,1.000000,0.000000,0.000000,0.000000,"Grim Trigger"
0.18,0.95,3,20260905,501,180,20.1468,1442,1,0.179873,1.508276,0.000000,0.000000,1.000000,0.000000,0.000000,0.000000,0.000000,0.000000,"Always Defect"
0.18,0.95,4,20260906,501,180,19.9631,1308,1,0.272705,1.701906,1.000000,0.000000,0.000000,0.000000,1.000000,0.000000,0.000000,0.000000,"Grim Trigger"
0.2,0.95,0,20260902,501,180,20.0454,1857,1,0.197285,1.554852,0.000000,0.000000,1.000000,0.000000,0.000000,0.000000,0.000000,0.000000,"Always Defect"
0.2,0.95,1,20260903,501,180,19.8139,1187,1,0.200697,1.563003,0.000000,0.000000,1.000000,0.000000,0.000000,0.000000,0.000000,0.000000,"Always Defect"
0.2,0.95,2,20260904,501,180,20.0896,1219,1,0.286549,1.743790,1.000000,0.000000,0.000000,0.000000,1.000000,0.000000,0.000000,0.000000,"Grim Trigger"
0.2,0.95,3,20260905,501,180,20.1468,1265,1,0.200294,1.561410,0.000000,0.000000,1.000000,0.000000,0.000000,0.000000,0.000000,0.000000,"Always Defect"
0.2,0.95,4,20260906,501,180,19.9631,1425,1,0.198209,1.556478,0.000000,0.000000,1.000000,0.000000,0.000000,0.000000,0.000000,0.000000,"Always Defect"
0,0.98,0,20260902,201,456,49.6564,120,5,1.000000,3.000000,1.000000,0.132272,0.000000,0.217664,0.268367,0.000000,0.188720,0.192976,"Always Cooperate;Tit-for-Tat;Grim Trigger;Pavlov;Tit-for-Two-Tats"
0,0.98,1,20260903,201,456,49.8143,120,5,1.000000,3.000000,1.000000,0.131962,0.000000,0.217899,0.268583,0.000000,0.189346,0.192210,"Always Cooperate;Tit-for-Tat;Grim Trigger;Pavlov;Tit-for-Two-Tats"
0,0.98,2,20260904,201,456,50.2372,119,5,1.000000,3.000000,1.000000,0.131109,0.000000,0.217463,0.269269,0.000000,0.190710,0.191449,"Always Cooperate;Tit-for-Tat;Grim Trigger;Pavlov;Tit-for-Two-Tats"
0,0.98,3,20260905,201,456,50.6887,120,5,1.000000,3.000000,1.000000,0.131222,0.000000,0.217557,0.269194,0.000000,0.190828,0.191199,"Always Cooperate;Tit-for-Tat;Grim Trigger;Pavlov;Tit-for-Two-Tats"
0,0.98,4,20260906,201,456,49.5840,119,5,1.000000,3.000000,1.000000,0.131440,0.000000,0.218019,0.267266,0.000000,0.190847,0.192427,"Always Cooperate;Tit-for-Tat;Grim Trigger;Pavlov;Tit-for-Two-Tats"
0.02,0.98,0,20260902,201,456,49.6564,28786,2,0.976818,2.975486,1.000000,0.000000,0.000000,0.083856,0.000000,0.000000,0.000000,0.916144,"Tit-for-Tat;Tit-for-Two-Tats"
0.02,0.98,1,20260903,201,456,49.8143,25383,3,0.824343,2.759165,0.814473,0.000000,0.000000,0.247106,0.000000,0.185527,0.000000,0.567367,"Tit-for-Tat;Random;Tit-for-Two-Tats"
0.02,0.98,2,20260904,201,456,50.2372,24170,3,0.800648,2.724626,0.781806,0.000000,0.000000,0.248493,0.000000,0.218194,0.000000,0.533313,"Tit-for-Tat;Random;Tit-for-Two-Tats"
0.02,0.98,3,20260905,201,456,50.6887,23247,3,0.836494,2.776254,0.827863,0.000000,0.000000,0.210450,0.000000,0.172137,0.000000,0.617413,"Tit-for-Tat;Random;Tit-for-Two-Tats"
0.02,0.98,4,20260906,201,456,49.5840,15159,2,0.975617,2.974177,1.000000,0.000000,0.000000,0.087838,0.000000,0.000000,0.000000,0.912162,"Tit-for-Tat;Tit-for-Two-Tats"
0.04,0.98,0,20260902,201,456,49.6564,16895,3,0.757066,2.664134,0.750890,0.000000,0.000000,0.269807,0.000000,0.249110,0.000000,0.481082,"Tit-for-Tat;Random;Tit-for-Two-Tats"
0.04,0.98,1,20260903,201,456,49.8143,33038,3,0.678497,2.543289,0.641190,0.000000,0.000000,0.310098,0.000000,0.358810,0.000000,0.331093,"Tit-for-Tat;Random;Tit-for-Two-Tats"
0.04,0.98,2,20260904,201,456,50.2372,30788,3,0.640100,2.482167,0.593408,0.000000,0.000000,0.338504,0.000000,0.406592,0.000000,0.254904,"Tit-for-Tat;Random;Tit-for-Two-Tats"
0.04,0.98,3,20260905,201,456,50.6887,,2,0.945101,2.938572,1.000000,0.000000,0.000000,0.140833,0.000000,0.000000,0.000000,0.859167,"Tit-for-Tat;Tit-for-Two-Tats"
0.04,0.98,4,20260906,201,456,49.5840,50077,3,0.732369,2.626319,0.722305,0.000000,0.000000,0.303339,0.000000,0.277695,0.000000,0.418966,"Tit-for-Tat;Random;Tit-for-Two-Tats"
0.06,0.98,0,20260902,201,456,49.6564,47340,3,0.761198,2.674395,0.789873,0.000000,0.000000,0.273296,0.000000,0.210127,0.000000,0.516577,"Tit-for-Tat;Random;Tit-for-Two-Tats"
0.06,0.98,1,20260903,201,456,49.8143,9703,2,0.923232,2.913698,1.000000,0.000000,0.000000,0.134053,0.000000,0.000000,0.000000,0.865947,"Tit-for-Tat;Tit-for-Two-Tats"
0.06,0.98,2,20260904,201,456,50.2372,52793,3,0.724332,2.617363,0.753892,0.000000,0.000000,0.315568,0.000000,0.246108,0.000000,0.438324,"Tit-for-Tat;Random;Tit-for-Two-Tats"
0.06,0.98,3,20260905,201,456,50.6887,,4,0.904149,2.886842,0.992603,0.016824,0.000000,0.194977,0.000000,0.007397,0.000000,0.780802,"Always Cooperate;Tit-for-Tat;Random;Tit-for-Two-Tats"
0.06,0.98,4,20260906,201,456,49.5840,4068,3,0.758219,2.669518,0.789887,0.000000,0.000000,0.294782,0.000000,0.210113,0.000000,0.495105,"Tit-for-Tat;Random;Tit-for-Two-Tats"
0.08,0.98,0,20260902,201,456,49.6564,13548,3,0.852795,2.817264,0.960305,0.000000,0.000000,0.229504,0.000000,0.039695,0.000000,0.730802,"Tit-for-Tat;Random;Tit-for-Two-Tats"
0.08,0.98,1,20260903,201,456,49.8143,21050,3,0.631253,2.472053,0.631819,0.000000,0.000000,0.363475,0.000000,0.368181,0.000000,0.268343,"Tit-for-Tat;Random;Tit-for-Two-Tats"
0.08,0.98,2,20260904,201,456,50.2372,14926,3,0.605190,2.427543,0.617869,0.000000,0.000000,0.404592,0.000000,0.382131,0.000000,0.213277,"Tit-for-Tat;Random;Tit-for-Two-Tats"
0.08,0.98,3,20260905,201,456,50.6887,,4,0.875212,2.850039,0.994537,0.026400,0.000000,0.214540,0.000000,0.005463,0.000000,0.753598,"Always Cooperate;Tit-for-Tat;Random;Tit-for-Two-Tats"
0.08,0.98,4,20260906,201,456,49.5840,5095,3,0.689889,2.566442,0.737358,0.000000,0.000000,0.355859,0.000000,0.262642,0.000000,0.381499,"Tit-for-Tat;Random;Tit-for-Two-Tats"
0.1,0.98,0,20260902,201,456,49.6564,,3,0.851200,2.819287,0.999967,0.000000,0.000000,0.223028,0.000000,0.000033,0.000000,0.776939,"Tit-for-Tat;Random;Tit-for-Two-Tats"
0.1,0.98,1,20260903,201,456,49.8143,1990,1,0.199177,1.498765,1.000000,0.000000,0.000000,0.000000,1.000000,0.000000,0.000000,0.000000,"Grim Trigger"
0.1,0.98,2,20260904,201,456,50.2372,28537,3,0.580360,2.387827,0.615819,0.000000,0.000000,0.448913,0.000000,0.384181,0.000000,0.166906,"Tit-for-Tat;Random;Tit-for-Two-Tats"
0.1,0.98,3,20260905,201,456,50.6887,,4,0.841294,2.805774,0.996664,0.070639,0.000000,0.264488,0.000000,0.003336,0.000000,0.661538,"Always Cooperate;Tit-for-Tat;Random;Tit-for-Two-Tats"
0.1,0.98,4,20260906,201,456,49.5840,41654,4,0.795140,2.731774,0.946245,0.000659,0.000000,0.316317,0.000000,0.053755,0.000000,0.629270,"Always Cooperate;Tit-for-Tat;Random;Tit-for-Two-Tats"
0.12,0.98,0,20260902,201,456,49.6564,5818,2,0.814916,2.768848,1.000000,0.000000,0.000000,0.266786,0.000000,0.000000,0.000000,0.733214,"Tit-for-Tat;Tit-for-Two-Tats"
0.12,0.98,1,20260903,201,456,49.8143,2256,1,0.206739,1.529372,1.000000,0.000000,0.000000,0.000000,1.000000,0.000000,0.000000,0.000000,"Grim Trigger"
0.12,0.98,2,20260904,201,456,50.2372,7629,3,0.634108,2.479423,0.728386,0.000000,0.000000,0.408354,0.000000,0.271614,0.000000,0.320032,"Tit-for-Tat;Random;Tit-for-Two-Tats"
0.12,0.98,3,20260905,201,456,50.6887,39830,4,0.782404,2.717987,0.966613,0.042857,0.000000,0.316852,0.000000,0.033387,0.000000,0.606905,"Always Cooperate;Tit-for-Tat;Random;Tit-for-Two-Tats"
0.12,0.98,4,20260906,201,456,49.5840,47111,4,0.770887,2.699645,0.961194,0.002603,0.000000,0.346027,0.000000,0.038806,0.000000,0.612563,"Always Cooperate;Tit-for-Tat;Random;Tit-for-Two-Tats"
0.14,0.98,0,20260902,201,456,49.6564,4220,2,0.777208,2.715433,1.000000,0.000000,0.000000,0.314138,0.000000,0.000000,0.000000,0.685862,"Tit-for-Tat;Tit-for-Two-Tats"
0.14,0.98,1,20260903,201,456,49.8143,2967,1,0.212654,1.556276,1.000000,0.000000,0.000000,0.000000,1.000000,0.000000,0.000000,0.000000,"Grim Trigger"
0.14,0.98,2,20260904,201,456,50.2372,15436,4,0.728448,2.636789,0.927902,0.024721,0.000000,0.360147,0.000000,0.072098,0.000000,0.543034,"Always Cooperate;Tit-for-Tat;Random;Tit-for-Two-Tats"
0.14,0.98,3,20260905,201,456,50.6887,12720,4,0.700467,2.590311,0.909798,0.056002,0.000000,0.437531,0.000000,0.090202,0.000000,0.416265,"Always Cooperate;Tit-for-Tat;Random;Tit-for-Two-Tats"
0.14,0.98,4,20260906,201,456,49.5840,6848,3,0.611734,2.443388,0.759526,0.000000,0.000000,0.495270,0.000000,0.240474,0.000000,0.264256,"Tit-for-Tat;Random;Tit-for-Two-Tats"
0.16,0.98,0,20260902,201,456,49.6564,1547,1,0.209918,1.561201,1.000000,0.000000,0.000000,0.000000,1.000000,0.000000,0.000000,0.000000,"Grim Trigger"
0.16,0.98,1,20260903,201,456,49.8143,1284,1,0.221811,1.588374,1.000000,0.000000,0.000000,0.000000,1.000000,0.000000,0.000000,0.000000,"Grim Trigger"
0.16,0.98,2,20260904,201,456,50.2372,1207,1,0.207718,1.557553,1.000000,0.000000,0.000000,0.000000,1.000000,0.000000,0.000000,0.000000,"Grim Trigger"
0.16,0.98,3,20260905,201,456,50.6887,1645,1,0.210333,1.559762,1.000000,0.000000,0.000000,0.000000,1.000000,0.000000,0.000000,0.000000,"Grim Trigger"
0.16,0.98,4,20260906,201,456,49.5840,1103,1,0.205056,1.548372,1.000000,0.000000,0.000000,0.000000,1.000000,0.000000,0.000000,0.000000,"Grim Trigger"
0.18,0.98,0,20260902,201,456,49.6564,1662,1,0.224480,1.604139,1.000000,0.000000,0.000000,0.000000,1.000000,0.000000,0.000000,0.000000,"Grim Trigger"
0.18,0.98,1,20260903,201,456,49.8143,2390,1,0.228601,1.614095,1.000000,0.000000,0.000000,0.000000,1.000000,0.000000,0.000000,0.000000,"Grim Trigger"
0.18,0.98,2,20260904,201,456,50.2372,1740,1,0.219765,1.593412,1.000000,0.000000,0.000000,0.000000,1.000000,0.000000,0.000000,0.000000,"Grim Trigger"
0.18,0.98,3,20260905,201,456,50.6887,2681,1,0.224381,1.602190,1.000000,0.000000,0.000000,0.000000,1.000000,0.000000,0.000000,0.000000,"Grim Trigger"
0.18,0.98,4,20260906,201,456,49.5840,1399,1,0.217278,1.584476,1.000000,0.000000,0.000000,0.000000,1.000000,0.000000,0.000000,0.000000,"Grim Trigger"
0.2,0.98,0,20260902,201,456,49.6564,2356,1,0.239886,1.645580,1.000000,0.000000,0.000000,0.000000,1.000000,0.000000,0.000000,0.000000,"Grim Trigger"
0.2,0.98,1,20260903,201,456,49.8143,3286,1,0.201747,1.563423,0.000000,0.000000,1.000000,0.000000,0.000000,0.000000,0.000000,0.000000,"Always Defect"
0.2,0.98,2,20260904,201,456,50.2372,2842,1,0.236753,1.640047,1.000000,0.000000,0.000000,0.000000,1.000000,0.000000,0.000000,0.000000,"Grim Trigger"
0.2,0.98,3,20260905,201,456,50.6887,2918,1,0.194689,1.546959,0.000000,0.000000,1.000000,0.000000,0.000000,0.000000,0.000000,0.000000,"Always Defect"
0.2,0.98,4,20260906,201,456,49.5840,2046,1,0.233697,1.630656,1.000000,0.000000,0.000000,0.000000,1.000000,0.000000,0.000000,0.000000,"Grim Trigger"
0,0.99,0,20260902,200,917,100.2432,116,5,1.000000,3.000000,1.000000,0.133351,0.000000,0.216643,0.267150,0.000000,0.188814,0.194042,"Always Cooperate;Tit-for-Tat;Grim Trigger;Pavlov;Tit-for-Two-Tats"
0,0.99,1,20260903,200,917,99.2605,116,5,1.000000,3.000000,1.000000,0.133629,0.000000,0.216759,0.265806,0.000000,0.190090,0.193716,"Always Cooperate;Tit-for-Tat;Grim Trigger;Pavlov;Tit-for-Two-Tats"
0,0.99,2,20260904,200,917,97.5582,115,5,1.000000,3.000000,1.000000,0.133560,0.000000,0.216369,0.267267,0.000000,0.190017,0.192788,"Always Cooperate;Tit-for-Tat;Grim Trigger;Pavlov;Tit-for-Two-Tats"
0,0.99,3,20260905,200,917,100.8359,115,5,1.000000,3.000000,1.000000,0.133070,0.000000,0.216410,0.267015,0.000000,0.191262,0.192242,"Always Cooperate;Tit-for-Tat;Grim Trigger;Pavlov;Tit-for-Two-Tats"
0,0.99,4,20260906,200,917,101.2641,114,5,1.000000,3.000000,1.000000,0.133292,0.000000,0.216680,0.266499,0.000000,0.190357,0.193172,"Always Cooperate;Tit-for-Tat;Grim Trigger;Pavlov;Tit-for-Two-Tats"
0.02,0.99,0,20260902,200,917,100.2432,25603,3,0.740649,2.635173,0.699931,0.000000,0.000000,0.263064,0.000000,0.300069,0.000000,0.436867,"Tit-for-Tat;Random;Tit-for-Two-Tats"
0.02,0.99,1,20260903,200,917,99.2605,51874,3,0.684891,2.548377,0.623808,0.000000,0.000000,0.290379,0.000000,0.376192,0.000000,0.333429,"Tit-for-Tat;Random;Tit-for-Two-Tats"
0.02,0.99,2,20260904,200,917,97.5582,46418,3,0.724429,2.609695,0.679452,0.000000,0.000000,0.267123,0.000000,0.320548,0.000000,0.412329,"Tit-for-Tat;Random;Tit-for-Two-Tats"
0.02,0.99,3,20260905,200,917,100.8359,35569,3,0.691637,2.558252,0.630465,0.000000,0.000000,0.267739,0.000000,0.369535,0.000000,0.362726,"Tit-for-Tat;Random;Tit-for-Two-Tats"
0.02,0.99,4,20260906,200,917,101.2641,37855,3,0.732820,2.624155,0.690850,0.000000,0.000000,0.271061,0.000000,0.309150,0.000000,0.419790,"Tit-for-Tat;Random;Tit-for-Two-Tats"
0.04,0.99,0,20260902,200,917,100.2432,46597,3,0.676492,2.538815,0.634944,0.000000,0.000000,0.289227,0.000000,0.365056,0.000000,0.345717,"Tit-for-Tat;Random;Tit-for-Two-Tats"
0.04,0.99,1,20260903,200,917,99.2605,59896,3,0.657240,2.509364,0.608448,0.000000,0.000000,0.306467,0.000000,0.391552,0.000000,0.301980,"Tit-for-Tat;Random;Tit-for-Two-Tats"
0.04,0.99,2,20260904,200,917,97.5582,6946,2,0.949181,2.943432,1.000000,0.000000,0.000000,0.090323,0.000000,0.000000,0.000000,0.909677,"Tit-for-Tat;Tit-for-Two-Tats"
0.04,0.99,3,20260905,200,917,100.8359,47111,3,0.733852,2.626558,0.718375,0.000000,0.000000,0.256490,0.000000,0.281625,0.000000,0.461885,"Tit-for-Tat;Random;Tit-for-Two-Tats"
0.04,0.99,4,20260906,200,917,101.2641,10000,2,0.948629,2.942935,1.000000,0.000000,0.000000,0.115575,0.000000,0.000000,0.000000,0.884425,"Tit-for-Tat;Tit-for-Two-Tats"
0.06,0.99,0,20260902,200,917,100.2432,793,1,0.134682,1.330014,1.000000,0.000000,0.000000,0.000000,1.000000,0.000000,0.000000,0.000000,"Grim Trigger"
0.06,0.99,1,20260903,200,917,99.2605,742,1,0.145732,1.353626,1.000000,0.000000,0.000000,0.000000,1.000000,0.000000,0.000000,0.000000,"Grim Trigger"
0.06,0.99,2,20260904,200,917,97.5582,691,1,0.142969,1.348064,1.000000,0.000000,0.000000,0.000000,1.000000,0.000000,0.000000,0.000000,"Grim Trigger"
0.06,0.99,3,20260905,200,917,100.8359,5348,3,0.745756,2.648700,0.771923,0.000000,0.000000,0.262540,0.000000,0.228077,0.000000,0.509383,"Tit-for-Tat;Random;Tit-for-Two-Tats"
0.06,0.99,4,20260906,200,917,101.2641,7906,3,0.657747,2.511962,0.643317,0.000000,0.000000,0.326127,0.000000,0.356683,0.000000,0.317190,"Tit-for-Tat;Random;Tit-for-Two-Tats"
0.08,0.99,0,20260902,200,917,100.2432,,3,0.877327,2.852960,0.987254,0.000000,0.000000,0.177050,0.000000,0.012746,0.000000,0.810204,"Tit-for-Tat;Random;Tit-for-Two-Tats"
0.08,0.99,1,20260903,200,917,99.2605,8973,3,0.637328,2.480618,0.640137,0.000000,0.000000,0.346094,0.000000,0.359863,0.000000,0.294043,"Tit-for-Tat;Random;Tit-for-Two-Tats"
0.08,0.99,2,20260904,200,917,97.5582,11855,3,0.624804,2.459629,0.641270,0.000000,0.000000,0.372002,0.000000,0.358730,0.000000,0.269268,"Tit-for-Tat;Random;Tit-for-Two-Tats"
0.08,0.99,3,20260905,200,917,100.8359,,4,0.865827,2.835554,0.978903,0.005239,0.000000,0.198129,0.000000,0.021097,0.000000,0.775535,"Always Cooperate;Tit-for-Tat;Random;Tit-for-Two-Tats"
0.08,0.99,4,20260906,200,917,101.2641,,3,0.536369,2.315338,0.490806,0.000000,0.000000,0.422544,0.000000,0.509194,0.000000,0.068262,"Tit-for-Tat;Random;Tit-for-Two-Tats"
0.1,0.99,0,20260902,200,917,100.2432,25666,2,0.855474,2.824987,1.000000,0.000000,0.000000,0.189378,0.000000,0.000000,0.000000,0.810622,"Tit-for-Tat;Tit-for-Two-Tats"
0.1,0.99,1,20260903,200,917,99.2605,2295,1,0.152766,1.399961,1.000000,0.000000,0.000000,0.000000,1.000000,0.000000,0.000000,0.000000,"Grim Trigger"
0.1,0.99,2,20260904,200,917,97.5582,3544,1,0.150805,1.396295,1.000000,0.000000,0.000000,0.000000,1.000000,0.000000,0.000000,0.000000,"Grim Trigger"
0.1,0.99,3,20260905,200,917,100.8359,,4,0.835374,2.795752,0.984312,0.028484,0.000000,0.234416,0.000000,0.015688,0.000000,0.721413,"Always Cooperate;Tit-for-Tat;Random;Tit-for-Two-Tats"
0.1,0.99,4,20260906,200,917,101.2641,36336,4,0.786592,2.719213,0.927503,0.009698,0.000000,0.295751,0.000000,0.072497,0.000000,0.622054,"Always Cooperate;Tit-for-Tat;Random;Tit-for-Two-Tats"
0.12,0.99,0,20260902,200,917,100.2432,,4,0.808561,2.757281,0.987667,0.033161,0.000000,0.249723,0.000000,0.012333,0.000000,0.704783,"Always Cooperate;Tit-for-Tat;Random;Tit-for-Two-Tats"
0.12,0.99,1,20260903,200,917,99.2605,4013,1,0.164741,1.439011,1.000000,0.000000,0.000000,0.000000,1.000000,0.000000,0.000000,0.000000,"Grim Trigger"
0.12,0.99,2,20260904,200,917,97.5582,8903,1,0.162089,1.435531,1.000000,0.000000,0.000000,0.000000,1.000000,0.000000,0.000000,0.000000,"Grim Trigger"
0.12,0.99,3,20260905,200,917,100.8359,,4,0.783123,2.718327,0.962188,0.017047,0.000000,0.285748,0.000000,0.037812,0.000000,0.659392,"Always Cooperate;Tit-for-Tat;Random;Tit-for-Two-Tats"
0.12,0.99,4,20260906,200,917,101.2641,58658,4,0.760331,2.683960,0.936322,0.013254,0.000000,0.328364,0.000000,0.063678,0.000000,0.594704,"Always Cooperate;Tit-for-Tat;Random;Tit-for-Two-Tats"
0.14,0.99,0,20260902,200,917,100.2432,,2,0.786308,2.727489,1.000000,0.000000,0.000000,0.259999,0.000000,0.000000,0.000000,0.740001,"Tit-for-Tat;Tit-for-Two-Tats"
0.14,0.99,1,20260903,200,917,99.2605,10480,1,0.140804,1.401546,0.000000,0.000000,1.000000,0.000000,0.000000,0.000000,0.000000,0.000000,"Always Defect"
0.14,0.99,2,20260904,200,917,97.5582,50093,4,0.742465,2.658433,0.946817,0.023047,0.000000,0.327533,0.000000,0.053183,0.000000,0.596237,"Always Cooperate;Tit-for-Tat;Random;Tit-for-Two-Tats"
0.14,0.99,3,20260905,200,917,100.8359,34915,4,0.726360,2.633133,0.938642,0.036729,0.000000,0.377897,0.000000,0.061358,0.000000,0.524016,"Always Cooperate;Tit-for-Tat;Random;Tit-for-Two-Tats"
0.14,0.99,4,20260906,200,917,101.2641,3778,1,0.170220,1.464463,1.000000,0.000000,0.000000,0.000000,1.000000,0.000000,0.000000,0.000000,"Grim Trigger"
0.16,0.99,0,20260902,200,917,100.2432,2044,1,0.188213,1.515756,1.000000,0.000000,0.000000,0.000000,1.000000,0.000000,0.000000,0.000000,"Grim Trigger"
0.16,0.99,1,20260903,200,917,99.2605,2219,1,0.191258,1.521018,1.000000,0.000000,0.000000,0.000000,1.000000,0.000000,0.000000,0.000000,"Grim Trigger"
0.16,0.99,2,20260904,200,917,97.5582,1222,1,0.188480,1.516804,1.000000,0.000000,0.000000,0.000000,1.000000,0.000000,0.000000,0.000000,"Grim Trigger"
0.16,0.99,3,20260905,200,917,100.8359,1804,1,0.188709,1.515114,1.000000,0.000000,0.000000,0.000000,1.000000,0.000000,0.000000,0.000000,"Grim Trigger"
0.16,0.99,4,20260906,200,917,101.2641,1951,1,0.184410,1.505153,1.000000,0.000000,0.000000,0.000000,1.000000,0.000000,0.000000,0.000000,"Grim Trigger"
0.18,0.99,0,20260902,200,917,100.2432,2269,1,0.205510,1.563781,1.000000,0.000000,0.000000,0.000000,1.000000,0.000000,0.000000,0.000000,"Grim Trigger"
0.18,0.99,1,20260903,200,917,99.2605,3091,1,0.204684,1.560850,1.000000,0.000000,0.000000,0.000000,1.000000,0.000000,0.000000,0.000000,"Grim Trigger"
0.18,0.99,2,20260904,200,917,97.5582,1461,1,0.204395,1.561642,1.000000,0.000000,0.000000,0.000000,1.000000,0.000000,0.000000,0.000000,"Grim Trigger"
0.18,0.99,3,20260905,200,917,100.8359,2136,1,0.205312,1.562612,1.000000,0.000000,0.000000,0.000000,1.000000,0.000000,0.000000,0.000000,"Grim Trigger"
0.18,0.99,4,20260906,200,917,101.2641,2112,1,0.200325,1.549802,1.000000,0.000000,0.000000,0.000000,1.000000,0.000000,0.000000,0.000000,"Grim Trigger"
0.2,0.99,0,20260902,200,917,100.2432,2636,1,0.223443,1.611073,1.000000,0.000000,0.000000,0.000000,1.000000,0.000000,0.000000,0.000000,"Grim Trigger"
0.2,0.99,1,20260903,200,917,99.2605,3730,1,0.222855,1.610618,1.000000,0.000000,0.000000,0.000000,1.000000,0.000000,0.000000,0.000000,"Grim Trigger"
0.2,0.99,2,20260904,200,917,97.5582,1731,1,0.223111,1.611488,1.000000,0.000000,0.000000,0.000000,1.000000,0.000000,0.000000,0.000000,"Grim Trigger"
0.2,0.99,3,20260905,200,917,100.8359,2893,1,0.222504,1.608699,1.000000,0.000000,0.000000,0.000000,1.000000,0.000000,0.000000,0.000000,"Grim Trigger"
0.2,0.99,4,20260906,200,917,101.2641,3193,1,0.217916,1.597700,1.000000,0.000000,0.000000,0.000000,1.000000,0.000000,0.000000,0.000000,"Grim Trigger"
