error_rate,continuation_probability,replicates,cooperation_rate_mean,cooperation_rate_min,cooperation_rate_max,bistable
0,0.5,5,0.000000,0.000000,0.000000,no
0,0.6,5,0.541445,0.401718,0.609369,no
0,0.7,5,1.000000,1.000000,1.000000,no
0,0.8,5,1.000000,1.000000,1.000000,no
0,0.9,5,1.000000,1.000000,1.000000,no
0,0.95,5,1.000000,1.000000,1.000000,no
0,0.98,5,1.000000,1.000000,1.000000,no
0,0.99,5,1.000000,1.000000,1.000000,no
0.02,0.5,5,0.203441,0.019608,0.333024,yes
0.02,0.6,5,0.506420,0.376001,0.695564,yes
0.02,0.7,5,0.944240,0.931971,0.970937,no
0.02,0.8,5,0.950158,0.922012,0.968954,no
0.02,0.9,5,0.964594,0.960041,0.966504,no
0.02,0.95,5,0.962417,0.960746,0.963775,no
0.02,0.98,5,0.961696,0.960054,0.963241,no
0.02,0.99,5,0.960532,0.959265,0.962106,no
0.04,0.5,5,0.098917,0.038175,0.331132,no
0.04,0.6,5,0.335986,0.038100,0.668616,yes
0.04,0.7,5,0.903256,0.878902,0.939696,no
0.04,0.8,5,0.920284,0.863983,0.941169,no
0.04,0.9,5,0.931005,0.925861,0.937038,no
0.04,0.95,5,0.928016,0.926205,0.928896,no
0.04,0.98,5,0.925102,0.923755,0.927600,no
0.04,0.99,5,0.923815,0.922534,0.925085,no
0.06,0.5,5,0.150135,0.057857,0.330984,no
0.06,0.6,5,0.177789,0.060158,0.402282,yes
0.06,0.7,5,0.821926,0.736711,0.899688,no
0.06,0.8,5,0.886748,0.837035,0.906422,no
0.06,0.9,5,0.896938,0.888639,0.903277,no
0.06,0.95,5,0.894609,0.891975,0.897360,no
0.06,0.98,5,0.892682,0.889185,0.898152,no
0.06,0.99,5,0.890432,0.887534,0.892900,no
0.08,0.5,5,0.122944,0.077592,0.287501,no
0.08,0.6,5,0.167547,0.081738,0.302511,no
0.08,0.7,5,0.710753,0.528814,0.869633,yes
0.08,0.8,5,0.868153,0.856132,0.877436,no
0.08,0.9,5,0.865369,0.855614,0.871254,no
0.08,0.95,5,0.862375,0.859167,0.864406,no
0.08,0.98,5,0.861375,0.857496,0.864084,no
0.08,0.99,5,0.858892,0.855349,0.860521,no
0.1,0.5,5,0.142442,0.100263,0.299239,no
0.1,0.6,5,0.102421,0.098633,0.106804,no
0.1,0.7,5,0.317160,0.096561,0.829222,yes
0.1,0.8,5,0.839651,0.830313,0.846577,no
0.1,0.9,5,0.834555,0.824231,0.839935,no
0.1,0.95,5,0.831203,0.824914,0.834677,no
0.1,0.98,5,0.831143,0.827745,0.833266,no
0.1,0.99,5,0.828867,0.825644,0.830170,no
0.12,0.5,5,0.157432,0.116700,0.299118,no
0.12,0.6,5,0.161118,0.118802,0.317592,no
0.12,0.7,5,0.189135,0.113754,0.467387,yes
0.12,0.8,5,0.792966,0.736423,0.822854,no
0.12,0.9,5,0.807459,0.796862,0.813725,no
0.12,0.95,5,0.803196,0.798304,0.807180,no
0.12,0.98,5,0.801437,0.797451,0.803650,no
0.12,0.99,5,0.800036,0.798910,0.800878,no
0.14,0.5,5,0.170615,0.131692,0.297018,no
0.14,0.6,5,0.174982,0.133530,0.316962,no
0.14,0.7,5,0.137137,0.132347,0.144148,no
0.14,0.8,5,0.678675,0.546811,0.782254,no
0.14,0.9,5,0.779934,0.770648,0.786271,no
0.14,0.95,5,0.774396,0.768303,0.779033,no
0.14,0.98,5,0.773265,0.768680,0.777718,no
0.14,0.99,5,0.771955,0.770264,0.773869,no
0.16,0.5,5,0.158532,0.153846,0.163188,no
0.16,0.6,5,0.159109,0.156112,0.164821,no
0.16,0.7,5,0.157179,0.152939,0.162804,no
0.16,0.8,5,0.386450,0.158527,0.560177,yes
0.16,0.9,5,0.754528,0.747902,0.759465,no
0.16,0.95,5,0.750323,0.746806,0.753009,no
0.16,0.98,5,0.750249,0.746388,0.753121,no
0.16,0.99,5,0.747886,0.745906,0.748964,no
0.18,0.5,5,0.177797,0.175214,0.181847,no
0.18,0.6,5,0.178298,0.174419,0.183544,no
0.18,0.7,5,0.176109,0.172643,0.179497,no
0.18,0.8,5,0.177446,0.170030,0.182953,no
0.18,0.9,5,0.700772,0.576100,0.734616,no
0.18,0.95,5,0.725486,0.720384,0.728770,no
0.18,0.98,5,0.726504,0.721530,0.730158,no
0.18,0.99,5,0.724256,0.722968,0.725872,no
0.2,0.5,5,0.196381,0.193846,0.200506,no
0.2,0.6,5,0.196298,0.193848,0.200158,no
0.2,0.7,5,0.194626,0.191497,0.198547,no
0.2,0.8,5,0.196583,0.190458,0.201503,no
0.2,0.9,5,0.666955,0.499377,0.710588,no
0.2,0.95,5,0.703282,0.698294,0.706238,no
0.2,0.98,5,0.704066,0.698762,0.709565,no
0.2,0.99,5,0.701438,0.700584,0.703032,no
0.22,0.5,5,0.216439,0.213018,0.223593,no
0.22,0.6,5,0.215810,0.212891,0.222574,no
0.22,0.7,5,0.214999,0.211515,0.220738,no
0.22,0.8,5,0.216839,0.210513,0.223569,no
0.22,0.9,5,0.341855,0.214537,0.687451,yes
0.22,0.95,5,0.683304,0.679979,0.685581,no
0.22,0.98,5,0.683397,0.676607,0.689650,no
0.22,0.99,5,0.681050,0.679533,0.681846,no
0.24,0.5,5,0.236806,0.232413,0.242568,no
0.24,0.6,5,0.236203,0.234131,0.241297,no
0.24,0.7,5,0.235782,0.232507,0.238806,no
0.24,0.8,5,0.237052,0.230942,0.241634,no
0.24,0.9,5,0.237836,0.236113,0.239869,no
0.24,0.95,5,0.424027,0.238460,0.666331,yes
0.24,0.98,5,0.663961,0.659139,0.668338,no
0.24,0.99,5,0.662271,0.660943,0.663016,no
0.26,0.5,5,0.258826,0.254109,0.266920,no
0.26,0.6,5,0.257913,0.251608,0.265559,no
0.26,0.7,5,0.256781,0.251756,0.261587,no
0.26,0.8,5,0.257954,0.249626,0.262488,no
0.26,0.9,5,0.258350,0.256898,0.259340,no
0.26,0.95,5,0.272582,0.258179,0.326825,no
0.26,0.98,5,0.644839,0.638496,0.650357,no
0.26,0.99,5,0.643800,0.641441,0.645538,no
0.28,0.5,5,0.280272,0.276463,0.285895,no
0.28,0.6,5,0.280221,0.276348,0.284283,no
0.28,0.7,5,0.278094,0.275416,0.280179,no
0.28,0.8,5,0.278344,0.271425,0.280951,no
0.28,0.9,5,0.278431,0.277164,0.279628,no
0.28,0.95,5,0.278949,0.278276,0.279628,no
0.28,0.98,5,0.627937,0.621964,0.633977,no
0.28,0.99,5,0.626936,0.624319,0.628868,no
0.3,0.5,5,0.299571,0.293296,0.304870,no
0.3,0.6,5,0.298908,0.291440,0.305013,no
0.3,0.7,5,0.297110,0.292976,0.301295,no
0.3,0.8,5,0.298481,0.289860,0.302969,no
0.3,0.9,5,0.298458,0.295834,0.301692,no
0.3,0.95,5,0.298736,0.297078,0.300441,no
0.3,0.98,5,0.433813,0.301048,0.616000,yes
0.3,0.99,5,0.551031,0.311553,0.613215,yes
0.32,0.5,5,0.318970,0.312849,0.324308,no
0.32,0.6,5,0.318230,0.311479,0.323024,no
0.32,0.7,5,0.316778,0.313494,0.324245,no
0.32,0.8,5,0.318116,0.310787,0.322471,no
0.32,0.9,5,0.317764,0.314744,0.320737,no
0.32,0.95,5,0.326616,0.315530,0.362905,no
0.32,0.98,5,0.331023,0.316725,0.341950,no
0.32,0.99,5,0.378407,0.318496,0.595546,no
0.34,0.5,5,0.338690,0.333954,0.345846,no
0.34,0.6,5,0.338805,0.332756,0.343799,no
0.34,0.7,5,0.338315,0.333830,0.345233,no
0.34,0.8,5,0.338760,0.330717,0.344992,no
0.34,0.9,5,0.338085,0.333834,0.341609,no
0.34,0.95,5,0.347767,0.335976,0.375564,no
0.34,0.98,5,0.345326,0.336217,0.359873,no
0.34,0.99,5,0.342650,0.336726,0.352799,no
0.35,0.5,5,0.347016,0.343575,0.354462,no
0.35,0.6,5,0.347573,0.343994,0.352770,no
0.35,0.7,5,0.347687,0.342586,0.354649,no
0.35,0.8,5,0.348087,0.341555,0.354051,no
0.35,0.9,5,0.347975,0.343739,0.351223,no
0.35,0.95,5,0.357342,0.345252,0.384533,no
0.35,0.98,5,0.355057,0.345569,0.370500,no
0.35,0.99,5,0.354221,0.347032,0.362042,no
